osmid,y,x,street_count,highway,geometry
81706482,33.2082955,-97.1373714,1,,POINT (-97.1373714 33.2082955)
81763210,33.2064929,-97.1323188,4,,POINT (-97.1323188 33.2064929)
81763294,33.2065,-97.13427,4,traffic_signals,POINT (-97.13427 33.2065)
81763296,33.206183,-97.134408,2,,POINT (-97.134408 33.206183)
81769781,33.20922,-97.1325,3,,POINT (-97.1325 33.20922)
81773648,33.21568,-97.14478,3,,POINT (-97.14478 33.21568)
81782211,33.2139657,-97.1324752,4,,POINT (-97.1324752 33.2139657)
81783344,33.206696,-97.134176,2,,POINT (-97.134176 33.206696)
81783346,33.206978,-97.134063,2,,POINT (-97.134063 33.206978)
81783348,33.207089,-97.134013,2,,POINT (-97.134013 33.207089)
81783350,33.20732,-97.13393,2,,POINT (-97.13393 33.20732)
81783352,33.20744,-97.1339,2,,POINT (-97.1339 33.20744)
81783355,33.207541,-97.133871,2,,POINT (-97.133871 33.207541)
81783357,33.207777,-97.133837,2,,POINT (-97.133837 33.207777)
81783359,33.208027,-97.133814,2,,POINT (-97.133814 33.208027)
81783361,33.208239,-97.133814,4,,POINT (-97.133814 33.208239)
81783362,33.208697,-97.133786,2,,POINT (-97.133786 33.208697)
81783364,33.20919,-97.13378,3,,POINT (-97.13378 33.20919)
81783366,33.21071,-97.13374,4,,POINT (-97.13374 33.21071)
81783367,33.21156,-97.13373,3,,POINT (-97.13373 33.21156)
81783368,33.21184,-97.13372,2,,POINT (-97.13372 33.21184)
81783370,33.212519,-97.13371,4,traffic_signals,POINT (-97.13371 33.212519)
81783373,33.21312,-97.13371,2,,POINT (-97.13371 33.21312)
81783385,33.2135,-97.1337,4,,POINT (-97.1337 33.2135)
81783395,33.2139903,-97.1336986,4,,POINT (-97.1336986 33.2139903)
81783397,33.2145323,-97.1336929,4,traffic_signals,POINT (-97.1336929 33.2145323)
81783403,33.2065024,-97.1339039,3,,POINT (-97.1339039 33.2065024)
81794112,33.2155524,-97.1336647,4,traffic_signals,POINT (-97.1336647 33.2155524)
81797221,33.21573,-97.15398,3,,POINT (-97.15398 33.21573)
81797223,33.215719,-97.15363,3,,POINT (-97.15363 33.215719)
81797228,33.21571,-97.15186,3,,POINT (-97.15186 33.21571)
81797233,33.2157013,-97.150636,5,traffic_signals,POINT (-97.150636 33.2157013)
81797235,33.21569,-97.149916,2,,POINT (-97.149916 33.21569)
81797239,33.2156963,-97.1484182,3,,POINT (-97.1484182 33.2156963)
81797241,33.21569,-97.14779,3,,POINT (-97.14779 33.21569)
81797247,33.21568,-97.1435058,3,,POINT (-97.1435058 33.21568)
81797250,33.2156762,-97.1430929,2,,POINT (-97.1430929 33.2156762)
81797252,33.2156728,-97.14275,2,,POINT (-97.14275 33.2156728)
81797253,33.2156654,-97.1419799,2,,POINT (-97.1419799 33.2156654)
81797254,33.215658,-97.141211,2,,POINT (-97.141211 33.215658)
81797255,33.2156502,-97.140408,3,,POINT (-97.140408 33.2156502)
81797256,33.2156469,-97.1400625,2,,POINT (-97.1400625 33.2156469)
81797257,33.2156431,-97.139672,2,,POINT (-97.139672 33.2156431)
81797258,33.2156382,-97.139161,4,,POINT (-97.139161 33.2156382)
81797262,33.21562,-97.13728,4,traffic_signals,POINT (-97.13728 33.21562)
81797264,33.2156218,-97.1371555,4,traffic_signals,POINT (-97.1371555 33.2156218)
81797266,33.2156153,-97.1365244,3,,POINT (-97.1365244 33.2156153)
81797271,33.2156027,-97.1351807,3,,POINT (-97.1351807 33.2156027)
81797274,33.2155704,-97.1343068,4,,POINT (-97.1343068 33.2155704)
81797279,33.2155309,-97.1324579,4,traffic_signals,POINT (-97.1324579 33.2155309)
81798223,33.2160725,-97.1324396,4,,POINT (-97.1324396 33.2160725)
81800506,33.2082597,-97.1369833,4,,POINT (-97.1369833 33.2082597)
81800511,33.20826,-97.13567,3,,POINT (-97.13567 33.20826)
81800514,33.20824,-97.135251,2,,POINT (-97.135251 33.20824)
81800517,33.20824,-97.13501,3,,POINT (-97.13501 33.20824)
81800519,33.20824,-97.13473,3,,POINT (-97.13473 33.20824)
81800520,33.20826,-97.13251,3,,POINT (-97.13251 33.20826)
81800552,33.20818,-97.14152,3,,POINT (-97.14152 33.20818)
81800556,33.2082191,-97.1443856,4,,POINT (-97.1443856 33.2082191)
81800559,33.2082231,-97.1448377,2,,POINT (-97.1448377 33.2082231)
81800560,33.208227,-97.1452799,4,,POINT (-97.1452799 33.208227)
81800561,33.2082318,-97.145828,2,,POINT (-97.145828 33.2082318)
81800563,33.2082326,-97.14592,2,,POINT (-97.14592 33.2082326)
81800565,33.2082349,-97.146187,4,,POINT (-97.146187 33.2082349)
81800567,33.2082429,-97.1475164,2,,POINT (-97.1475164 33.2082429)
81800571,33.20825,-97.14854,3,,POINT (-97.14854 33.20825)
81800573,33.208269,-97.150665,4,,POINT (-97.150665 33.208269)
81800581,33.208302,-97.1529229,2,,POINT (-97.1529229 33.208302)
81804651,33.2145737,-97.137115,4,traffic_signals,POINT (-97.137115 33.2145737)
81804653,33.2135216,-97.1371354,4,traffic_signals,POINT (-97.1371354 33.2135216)
81804657,33.211596,-97.137151,4,,POINT (-97.137151 33.211596)
81804661,33.210399,-97.13716,2,,POINT (-97.13716 33.210399)
81804663,33.210259,-97.13717,2,,POINT (-97.13717 33.210259)
81804665,33.209829,-97.13717,2,,POINT (-97.13717 33.209829)
81804667,33.20947,-97.13714,2,,POINT (-97.13714 33.20947)
81804669,33.20915,-97.13709,4,,POINT (-97.13709 33.20915)
81804671,33.20894,-97.137041,2,,POINT (-97.137041 33.20894)
81804673,33.208638,-97.136959,2,,POINT (-97.136959 33.208638)
81804675,33.208129,-97.136779,2,,POINT (-97.136779 33.208129)
81804676,33.208,-97.136731,2,,POINT (-97.136731 33.208)
81804692,33.207577,-97.136638,2,,POINT (-97.136638 33.207577)
81804694,33.207382,-97.13661,2,,POINT (-97.13661 33.207382)
81804695,33.207189,-97.13659,2,,POINT (-97.13659 33.207189)
81804696,33.20712,-97.136579,2,,POINT (-97.136579 33.20712)
81804697,33.20651,-97.13655,4,traffic_signals,POINT (-97.13655 33.20651)
81804698,33.206167,-97.136507,2,,POINT (-97.136507 33.206167)
81804711,33.2145726,-97.1372635,4,traffic_signals,POINT (-97.1372635 33.2145726)
81804717,33.2130989,-97.137274,2,,POINT (-97.137274 33.2130989)
81804719,33.212559,-97.137283,4,,POINT (-97.137283 33.212559)
81804721,33.2120241,-97.1372916,2,,POINT (-97.1372916 33.2120241)
81804723,33.211591,-97.1372987,3,,POINT (-97.1372987 33.211591)
81804725,33.211429,-97.1373013,2,,POINT (-97.1373013 33.211429)
81804729,33.21022,-97.13731,2,,POINT (-97.13731 33.21022)
81804736,33.20951,-97.137289,2,,POINT (-97.137289 33.20951)
81804737,33.20938,-97.13728,2,,POINT (-97.13728 33.20938)
81804741,33.2089897,-97.1372033,2,,POINT (-97.1372033 33.2089897)
81804743,33.2088397,-97.1371733,2,,POINT (-97.1371733 33.2088397)
81804745,33.2086997,-97.1371253,2,,POINT (-97.1371253 33.2086997)
81804746,33.208571,-97.137078,2,,POINT (-97.137078 33.208571)
81804748,33.2084977,-97.1370643,2,,POINT (-97.1370643 33.2084977)
81804749,33.2078907,-97.1368613,2,,POINT (-97.1368613 33.2078907)
81804751,33.2077787,-97.1368343,2,,POINT (-97.1368343 33.2077787)
81804753,33.2071997,-97.1367313,2,,POINT (-97.1367313 33.2071997)
81804755,33.2070787,-97.1367233,2,,POINT (-97.1367233 33.2070787)
81804757,33.2065076,-97.1367146,4,traffic_signals,POINT (-97.1367146 33.2065076)
81804759,33.205982,-97.136617,2,,POINT (-97.136617 33.205982)
81809227,33.2139959,-97.1343172,3,,POINT (-97.1343172 33.2139959)
81811759,33.2135003,-97.1324795,4,,POINT (-97.1324795 33.2135003)
81818242,33.2064453,-97.1537069,3,traffic_signals,POINT (-97.1537069 33.2064453)
81818246,33.2065176,-97.1536365,4,traffic_signals,POINT (-97.1536365 33.2065176)
81818248,33.206642,-97.153502,2,,POINT (-97.153502 33.206642)
81818250,33.206697,-97.153399,2,,POINT (-97.153399 33.206697)
81818252,33.206732,-97.153315,2,,POINT (-97.153315 33.206732)
81818254,33.20676,-97.153215,2,,POINT (-97.153215 33.20676)
81818256,33.206786,-97.153093,2,,POINT (-97.153093 33.206786)
81818271,33.2067001,-97.1472967,3,,POINT (-97.1472967 33.2067001)
81818273,33.20668,-97.14602,4,traffic_signals,POINT (-97.14602 33.20668)
81818279,33.206619,-97.143751,2,,POINT (-97.143751 33.206619)
81818281,33.2066,-97.14316,3,,POINT (-97.14316 33.2066)
81818283,33.20658,-97.142489,2,,POINT (-97.142489 33.20658)
81818287,33.206547,-97.141027,2,,POINT (-97.141027 33.206547)
81818293,33.206539,-97.13961,2,,POINT (-97.13961 33.206539)
81818295,33.2065329,-97.1388552,2,,POINT (-97.1388552 33.2065329)
81818296,33.2065274,-97.1381848,2,,POINT (-97.1381848 33.2065274)
81818300,33.206518,-97.137295,2,,POINT (-97.137295 33.206518)
81818304,33.2065089,-97.136294,2,,POINT (-97.136294 33.2065089)
81818305,33.2065073,-97.135931,2,,POINT (-97.135931 33.2065073)
81818307,33.2065034,-97.1350499,4,,POINT (-97.1350499 33.2065034)
81818308,33.2065004,-97.1325482,4,,POINT (-97.1325482 33.2065004)
81831470,33.2064001,-97.1534296,2,,POINT (-97.1534296 33.2064001)
81831473,33.2061402,-97.1531322,2,,POINT (-97.1531322 33.2061402)
81831477,33.2060269,-97.1530451,2,,POINT (-97.1530451 33.2060269)
81831479,33.205937,-97.1530018,2,,POINT (-97.1530018 33.205937)
81835489,33.2158116,-97.1506012,2,,POINT (-97.1506012 33.2158116)
81841310,33.2145302,-97.1324744,4,traffic_signals,POINT (-97.1324744 33.2145302)
81861304,33.2136865,-97.1507236,4,,POINT (-97.1507236 33.2136865)
81861309,33.2126605,-97.1506427,4,,POINT (-97.1506427 33.2126605)
81864608,33.2137608,-97.1484467,2,,POINT (-97.1484467 33.2137608)
81864610,33.2136828,-97.1484896,2,,POINT (-97.1484896 33.2136828)
81870005,33.2093796,-97.1529505,3,,POINT (-97.1529505 33.2093796)
81870011,33.2093598,-97.1506861,4,,POINT (-97.1506861 33.2093598)
81870015,33.2093349,-97.1462767,3,,POINT (-97.1462767 33.2093349)
81870016,33.20932,-97.14526,3,,POINT (-97.14526 33.20932)
81870019,33.2093116,-97.1433698,2,,POINT (-97.1433698 33.2093116)
81870021,33.2092999,-97.14236,2,,POINT (-97.14236 33.2092999)
81870028,33.209269,-97.140591,2,,POINT (-97.140591 33.209269)
81870032,33.2091415,-97.1401413,2,,POINT (-97.1401413 33.2091415)
81870034,33.209139,-97.138996,2,,POINT (-97.138996 33.209139)
81870035,33.209145,-97.137169,2,,POINT (-97.137169 33.209145)
81870037,33.209151,-97.136621,2,,POINT (-97.136621 33.209151)
81870039,33.209159,-97.13611,2,,POINT (-97.13611 33.209159)
81870041,33.209159,-97.13564,4,,POINT (-97.13564 33.209159)
81870043,33.20917,-97.13522,2,,POINT (-97.13522 33.20917)
81870045,33.209172,-97.134868,2,,POINT (-97.134868 33.209172)
81870046,33.20918,-97.13468,3,,POINT (-97.13468 33.20918)
81870047,33.20918,-97.134507,2,,POINT (-97.134507 33.20918)
81870049,33.20919,-97.13426,2,,POINT (-97.13426 33.20919)
81878592,33.214592,-97.1391581,3,,POINT (-97.1391581 33.214592)
81879640,33.2145818,-97.13811,3,,POINT (-97.13811 33.2145818)
81886560,33.2145386,-97.1343102,4,,POINT (-97.1343102 33.2145386)
81886561,33.2135127,-97.1343281,3,,POINT (-97.1343281 33.2135127)
81892545,33.2146788,-97.1536641,3,,POINT (-97.1536641 33.2146788)
81895622,33.2136726,-97.148538,2,,POINT (-97.148538 33.2136726)
81895623,33.21371,-97.15288,3,,POINT (-97.15288 33.21371)
81895631,33.213637,-97.1442852,4,,POINT (-97.1442852 33.213637)
81895639,33.213521,-97.137196,2,,POINT (-97.137196 33.213521)
81901408,33.21069,-97.13248,4,,POINT (-97.13248 33.21069)
81901410,33.2106967,-97.1356213,4,,POINT (-97.1356213 33.2106967)
81904846,33.2146179,-97.1414344,3,,POINT (-97.1414344 33.2146179)
81904855,33.2145657,-97.1365429,3,,POINT (-97.1365429 33.2145657)
81907776,33.211579,-97.13563,3,,POINT (-97.13563 33.211579)
81907777,33.208678,-97.13565,2,,POINT (-97.13565 33.208678)
81908843,33.20768,-97.136281,2,,POINT (-97.136281 33.20768)
81908845,33.2071835,-97.1362964,1,,POINT (-97.1362964 33.2071835)
81909431,33.211571,-97.141449,2,,POINT (-97.141449 33.211571)
81909434,33.20763,-97.14152,2,,POINT (-97.14152 33.20763)
81910598,33.212503,-97.1324781,4,traffic_signals,POINT (-97.1324781 33.212503)
81911872,33.208591,-97.134698,2,,POINT (-97.134698 33.208591)
81930438,33.2071601,-97.1452956,2,,POINT (-97.1452956 33.2071601)
81943314,33.2115272,-97.1443601,3,traffic_signals,POINT (-97.1443601 33.2115272)
81946700,33.20989,-97.13248,3,,POINT (-97.13248 33.20989)
81946702,33.20853,-97.13251,2,,POINT (-97.13251 33.20853)
81946707,33.206947,-97.132532,2,,POINT (-97.132532 33.206947)
81952494,33.205951,-97.143169,2,,POINT (-97.143169 33.205951)
81955249,33.21594,-97.14779,2,,POINT (-97.14779 33.21594)
81958101,33.2153009,-97.1484263,2,,POINT (-97.1484263 33.2153009)
81976280,33.2079137,-97.146029,2,,POINT (-97.146029 33.2079137)
81976282,33.2080037,-97.1460517,2,,POINT (-97.1460517 33.2080037)
81976284,33.2081,-97.14609,2,,POINT (-97.14609 33.2081)
81976286,33.2083869,-97.1462578,2,,POINT (-97.1462578 33.2083869)
81976288,33.2084671,-97.1462719,2,,POINT (-97.1462719 33.2084671)
81976290,33.2085701,-97.1462766,2,,POINT (-97.1462766 33.2085701)
81976291,33.2089152,-97.146279,2,,POINT (-97.146279 33.2089152)
81976457,33.2134486,-97.1507314,2,,POINT (-97.1507314 33.2134486)
81976458,33.21267,-97.150731,4,,POINT (-97.150731 33.21267)
81976460,33.2115701,-97.1507507,4,,POINT (-97.1507507 33.2115701)
81976466,33.206871,-97.150792,2,,POINT (-97.150792 33.206871)
81976494,33.206871,-97.150684,2,,POINT (-97.150684 33.206871)
81976537,33.2126764,-97.1528927,4,stop,POINT (-97.1528927 33.2126764)
81976539,33.211561,-97.1528922,3,,POINT (-97.1528922 33.211561)
81976543,33.2061057,-97.1532624,2,,POINT (-97.1532624 33.2061057)
81976545,33.2061676,-97.1533243,2,,POINT (-97.1533243 33.2061676)
81977566,33.2115068,-97.1537177,2,,POINT (-97.1537177 33.2115068)
81977568,33.2115613,-97.1531685,2,,POINT (-97.1531685 33.2115613)
81985010,33.211591,-97.137231,2,,POINT (-97.137231 33.211591)
81985012,33.211582,-97.136975,2,,POINT (-97.136975 33.211582)
81985013,33.211585,-97.136122,2,,POINT (-97.136122 33.211585)
81985015,33.21157,-97.1347,2,,POINT (-97.1347 33.21157)
81985016,33.211561,-97.134349,2,,POINT (-97.134349 33.211561)
81986945,33.211131,-97.140212,1,,POINT (-97.140212 33.211131)
81986947,33.210663,-97.1402146,2,,POINT (-97.1402146 33.210663)
81989168,33.21253,-97.13492,2,,POINT (-97.13492 33.21253)
81989170,33.212532,-97.135442,2,,POINT (-97.135442 33.212532)
81989185,33.2125944,-97.1418999,2,,POINT (-97.1418999 33.2125944)
81989186,33.212603,-97.1428,2,,POINT (-97.1428 33.212603)
81989189,33.2126066,-97.1431753,2,,POINT (-97.1431753 33.2126066)
81989193,33.2126179,-97.1443127,3,,POINT (-97.1443127 33.2126179)
81989210,33.212662,-97.1492273,2,,POINT (-97.1492273 33.212662)
1439907552,33.2084623,-97.1370522,2,,POINT (-97.1370522 33.2084623)
1549933088,33.2066297,-97.1444049,4,traffic_signals,POINT (-97.1444049 33.2066297)
1549933100,33.2135606,-97.14143,4,stop,POINT (-97.14143 33.2135606)
1630768299,33.2155972,-97.1506714,2,,POINT (-97.1506714 33.2155972)
1630768302,33.2136856,-97.150639,4,,POINT (-97.150639 33.2136856)
1630768304,33.2156343,-97.1506129,2,crossing,POINT (-97.1506129 33.2156343)
1630768306,33.2146641,-97.1506411,4,traffic_signals,POINT (-97.1506411 33.2146641)
1655564145,33.2156523,-97.150661,2,,POINT (-97.150661 33.2156523)
1655564152,33.2157564,-97.150611,2,,POINT (-97.150611 33.2157564)
1655564157,33.2155969,-97.1506111,2,,POINT (-97.1506111 33.2155969)
2072447752,33.2131172,-97.1506372,2,,POINT (-97.1506372 33.2131172)
2072447756,33.2132905,-97.1506374,2,,POINT (-97.1506374 33.2132905)
2072447763,33.2136211,-97.1506418,2,crossing,POINT (-97.1506418 33.2136211)
2072447765,33.2136212,-97.1507285,2,crossing,POINT (-97.1507285 33.2136212)
2072447767,33.2136813,-97.1500289,2,,POINT (-97.1500289 33.2136813)
2072447768,33.2136852,-97.1505707,2,crossing,POINT (-97.1505707 33.2136852)
2078167251,33.2160979,-97.1335569,2,,POINT (-97.1335569 33.2160979)
2081492510,33.214666,-97.1509665,2,,POINT (-97.1509665 33.214666)
2081492527,33.2150522,-97.150696,2,,POINT (-97.150696 33.2150522)
2625637199,33.2133904,-97.1528839,2,,POINT (-97.1528839 33.2133904)
2626234225,33.2065748,-97.1422375,2,,POINT (-97.1422375 33.2065748)
2626234229,33.2071601,-97.1415364,2,,POINT (-97.1415364 33.2071601)
2631862633,33.2082748,-97.1516886,2,,POINT (-97.1516886 33.2082748)
2631862635,33.2093739,-97.1519734,2,,POINT (-97.1519734 33.2093739)
2631862637,33.2093702,-97.1513325,2,,POINT (-97.1513325 33.2093702)
2631862638,33.2082734,-97.1513429,2,,POINT (-97.1513429 33.2082734)
2631862639,33.208271,-97.1507866,4,,POINT (-97.1507866 33.208271)
2631862640,33.2093601,-97.150779,4,,POINT (-97.150779 33.2093601)
2631862666,33.2126725,-97.1515654,2,,POINT (-97.1515654 33.2126725)
2631862668,33.2136954,-97.1515498,2,,POINT (-97.1515498 33.2136954)
2657115242,33.2146724,-97.1519732,2,,POINT (-97.1519732 33.2146724)
2657115244,33.2136999,-97.1519609,2,,POINT (-97.1519609 33.2136999)
2657172878,33.2146644,-97.1507135,4,traffic_signals,POINT (-97.1507135 33.2146644)
2657172880,33.2146604,-97.1484355,4,traffic_signals,POINT (-97.1484355 33.2146604)
2657814580,33.2115212,-97.1438661,2,,POINT (-97.1438661 33.2115212)
2657814581,33.2126133,-97.1438797,2,,POINT (-97.1438797 33.2126133)
2657814583,33.2126049,-97.1430038,2,,POINT (-97.1430038 33.2126049)
2657916016,33.2138345,-97.1343207,2,,POINT (-97.1343207 33.2138345)
2657916022,33.2139895,-97.1338906,2,,POINT (-97.1338906 33.2139895)
2657916024,33.2136982,-97.1336994,2,,POINT (-97.1336994 33.2136982)
2657916026,33.2136746,-97.1343244,2,,POINT (-97.1343244 33.2136746)
2658994887,33.2156926,-97.1491589,3,,POINT (-97.1491589 33.2156926)
2661953387,33.2146861,-97.1324777,2,,POINT (-97.1324777 33.2146861)
2661953393,33.2145303,-97.1327193,2,,POINT (-97.1327193 33.2145303)
2661953419,33.2145354,-97.1334836,2,,POINT (-97.1334836 33.2145354)
2665604720,33.2135188,-97.1366785,2,,POINT (-97.1366785 33.2135188)
2665604737,33.2125377,-97.1357677,2,,POINT (-97.1357677 33.2125377)
2665604738,33.2135155,-97.1356789,2,,POINT (-97.1356789 33.2135155)
2665604742,33.2135167,-97.1358474,2,,POINT (-97.1358474 33.2135167)
2665604745,33.2135162,-97.1357635,2,,POINT (-97.1357635 33.2135162)
2665604798,33.2135183,-97.13629,2,,POINT (-97.13629 33.2135183)
2665604799,33.21569,-97.14642,4,traffic_signals,POINT (-97.14642 33.21569)
2665604808,33.2156278,-97.1380899,3,,POINT (-97.1380899 33.2156278)
2665604813,33.2107181,-97.1373194,3,,POINT (-97.1373194 33.2107181)
2665604814,33.2091287,-97.1372433,4,,POINT (-97.1372433 33.2091287)
2665604815,33.2091384,-97.138822,2,,POINT (-97.138822 33.2091384)
2665604819,33.2091867,-97.140221,4,,POINT (-97.140221 33.2091867)
2968185360,33.2091401,-97.139514,2,,POINT (-97.139514 33.2091401)
2970522581,33.2137077,-97.1526717,2,,POINT (-97.1526717 33.2137077)
2970522585,33.2126746,-97.1522895,2,,POINT (-97.1522895 33.2126746)
2970522586,33.2115644,-97.1520695,2,,POINT (-97.1520695 33.2115644)
2970522590,33.2126744,-97.1522238,2,,POINT (-97.1522238 33.2126744)
2970522611,33.2115682,-97.1506568,3,,POINT (-97.1506568 33.2115682)
2970522615,33.2067179,-97.1533487,2,,POINT (-97.1533487 33.2067179)
2971799972,33.2115645,-97.1520416,2,,POINT (-97.1520416 33.2115645)
2971977355,33.2093745,-97.1520701,2,,POINT (-97.1520701 33.2093745)
2971977358,33.2093717,-97.1516007,2,,POINT (-97.1516007 33.2093717)
2971977395,33.2082784,-97.1525653,2,,POINT (-97.1525653 33.2082784)
2971977397,33.2087383,-97.1529502,2,,POINT (-97.1529502 33.2087383)
2971977404,33.2085112,-97.1529553,2,,POINT (-97.1529553 33.2085112)
2972415293,33.2093535,-97.1500204,2,,POINT (-97.1500204 33.2093535)
2972415301,33.2093492,-97.1488782,2,,POINT (-97.1488782 33.2093492)
2972415307,33.2069226,-97.1506833,2,,POINT (-97.1506833 33.2069226)
2972415312,33.207108,-97.1506808,2,,POINT (-97.1506808 33.207108)
2972415314,33.2074044,-97.1485523,2,,POINT (-97.1485523 33.2074044)
2972415324,33.2070107,-97.148558,2,,POINT (-97.148558 33.2070107)
2973798715,33.2135565,-97.1427366,2,,POINT (-97.1427366 33.2135565)
2973807939,33.2146611,-97.1493094,2,,POINT (-97.1493094 33.2146611)
2973835876,33.21363,-97.1438633,2,,POINT (-97.1438633 33.21363)
2973835881,33.2126136,-97.1439088,2,,POINT (-97.1439088 33.2126136)
2973835897,33.212608,-97.1433224,2,,POINT (-97.1433224 33.212608)
2973835901,33.2146399,-97.1450855,2,,POINT (-97.1450855 33.2146399)
2973835902,33.2146352,-97.1442448,4,traffic_signals,POINT (-97.1442448 33.2146352)
2973835905,33.21568,-97.1442273,3,,POINT (-97.1442273 33.21568)
2973835915,33.21568,-97.1442758,2,,POINT (-97.1442758 33.21568)
2973885241,33.2139891,-97.1528846,2,,POINT (-97.1528846 33.2139891)
2973885345,33.2063923,-97.1518638,2,,POINT (-97.1518638 33.2063923)
2973885368,33.2071211,-97.1507886,2,,POINT (-97.1507886 33.2071211)
2973885379,33.2068801,-97.1485599,2,,POINT (-97.1485599 33.2068801)
2973885382,33.2081388,-97.1485416,2,,POINT (-97.1485416 33.2081388)
2973885406,33.20707,-97.1460172,2,,POINT (-97.1460172 33.20707)
2973885407,33.206941,-97.1460182,2,,POINT (-97.1460182 33.206941)
2973885416,33.2078356,-97.146019,2,,POINT (-97.146019 33.2078356)
2973885430,33.2082263,-97.1452062,2,,POINT (-97.1452062 33.2082263)
2973885435,33.2079037,-97.1452847,2,,POINT (-97.1452847 33.2079037)
2973885440,33.2093232,-97.1443721,4,traffic_signals,POINT (-97.1443721 33.2093232)
2973885446,33.2081872,-97.1423016,2,,POINT (-97.1423016 33.2081872)
2973895699,33.2093181,-97.1439298,2,,POINT (-97.1439298 33.2093181)
2973895704,33.2104083,-97.1434853,2,,POINT (-97.1434853 33.2104083)
2973895705,33.2093131,-97.1434956,2,,POINT (-97.1434956 33.2093131)
2973895706,33.2103971,-97.1426959,2,,POINT (-97.1426959 33.2103971)
2973895707,33.2093039,-97.1426987,2,,POINT (-97.1426987 33.2093039)
2973895879,33.2136747,-97.1491777,3,,POINT (-97.1491777 33.2136747)
2973895918,33.2125966,-97.1421314,2,,POINT (-97.1421314 33.2125966)
2973895920,33.211912,-97.141446,2,,POINT (-97.141446 33.211912)
2973895921,33.2125932,-97.1417747,2,,POINT (-97.1417747 33.2125932)
2973895926,33.2115351,-97.1414502,2,,POINT (-97.1414502 33.2115351)
2973895933,33.2131058,-97.1414346,2,,POINT (-97.1414346 33.2131058)
2973895936,33.212597,-97.1421689,2,,POINT (-97.1421689 33.212597)
2973895951,33.2136412,-97.1449316,2,,POINT (-97.1449316 33.2136412)
2973897462,33.213642,-97.1450568,2,,POINT (-97.1450568 33.213642)
2973897469,33.2136414,-97.1449522,2,,POINT (-97.1449522 33.2136414)
2973950032,33.2104472,-97.1414784,2,,POINT (-97.1414784 33.2104472)
2975179352,33.2153416,-97.1324687,2,,POINT (-97.1324687 33.2153416)
2975179353,33.2153985,-97.132467,2,,POINT (-97.132467 33.2153985)
2991601590,33.2136748,-97.1491988,2,,POINT (-97.1491988 33.2136748)
2991601591,33.2136722,-97.1486,2,,POINT (-97.1486 33.2136722)
2996260102,33.20932,-97.1450155,2,,POINT (-97.1450155 33.20932)
2996260113,33.2082248,-97.1450369,2,,POINT (-97.1450369 33.2082248)
2996260115,33.2088509,-97.1452685,2,,POINT (-97.1452685 33.2088509)
2996260129,33.2093136,-97.1437655,2,,POINT (-97.1437655 33.2093136)
2996260130,33.2093059,-97.1428723,2,,POINT (-97.1428723 33.2093059)
2996261537,33.2082099,-97.1437628,2,,POINT (-97.1437628 33.2082099)
2996261538,33.2081967,-97.1428698,2,,POINT (-97.1428698 33.2081967)
2996261539,33.2074911,-97.1443944,2,,POINT (-97.1443944 33.2074911)
2996261541,33.2081886,-97.142328,2,,POINT (-97.142328 33.2081886)
2996287343,33.2115187,-97.1535421,2,,POINT (-97.1535421 33.2115187)
3009727634,33.2145686,-97.1367819,2,,POINT (-97.1367819 33.2145686)
3013639978,33.2081829,-97.1419822,2,,POINT (-97.1419822 33.2081829)
3013639985,33.2065938,-97.1429504,2,,POINT (-97.1429504 33.2065938)
3013639987,33.2075885,-97.1460122,2,,POINT (-97.1460122 33.2075885)
3013639988,33.2065434,-97.140297,3,,POINT (-97.140297 33.2065434)
3013639992,33.2078174,-97.1452859,2,,POINT (-97.1452859 33.2078174)
3013639994,33.2070118,-97.1452978,2,,POINT (-97.1452978 33.2070118)
3013639995,33.2070184,-97.1460177,2,,POINT (-97.1460177 33.2070184)
3013639996,33.2066702,-97.1453028,3,,POINT (-97.1453028 33.2066702)
3013713937,33.206519,-97.13789,3,,POINT (-97.13789 33.206519)
3015339735,33.2063837,-97.1507379,2,,POINT (-97.1507379 33.2063837)
3015339737,33.2064641,-97.1494252,2,,POINT (-97.1494252 33.2064641)
3037310658,33.20656,-97.14153,4,traffic_signals,POINT (-97.14153 33.20656)
3037366531,33.21071,-97.13715,4,,POINT (-97.13715 33.21071)
3037366933,33.2125595,-97.1371689,4,,POINT (-97.1371689 33.2125595)
3037366934,33.2125263,-97.1345103,2,,POINT (-97.1345103 33.2125263)
3037366935,33.2117895,-97.1372954,2,,POINT (-97.1372954 33.2117895)
3037366936,33.21352,-97.1372671,4,traffic_signals,POINT (-97.1372671 33.21352)
3037366941,33.20827,-97.13682,4,,POINT (-97.13682 33.20827)
3037366942,33.20826,-97.13628,3,,POINT (-97.13628 33.20826)
3037366943,33.207396,-97.1362804,2,,POINT (-97.1362804 33.207396)
3429340775,33.208271,-97.150854,2,crossing,POINT (-97.150854 33.208271)
3429340781,33.2093613,-97.1508417,2,crossing,POINT (-97.1508417 33.2093613)
3429340782,33.2094414,-97.1506845,2,crossing,POINT (-97.1506845 33.2094414)
3429340783,33.2094495,-97.1507787,2,crossing,POINT (-97.1507787 33.2094495)
3429343093,33.2105176,-97.1443745,2,crossing,POINT (-97.1443745 33.2105176)
3429343101,33.2126788,-97.1528017,2,crossing,POINT (-97.1528017 33.2126788)
3429343102,33.212758,-97.1491927,2,,POINT (-97.1491927 33.212758)
3429343107,33.2136104,-97.1491789,2,crossing,POINT (-97.1491789 33.2136104)
3429343110,33.2137086,-97.1527804,2,crossing,POINT (-97.1527804 33.2137086)
3429343115,33.2146105,-97.1506407,2,crossing,POINT (-97.1506407 33.2146105)
3429343116,33.2146111,-97.1507136,2,crossing,POINT (-97.1507136 33.2146111)
3695224164,33.2067907,-97.1517212,2,,POINT (-97.1517212 33.2067907)
3695224166,33.2082638,-97.1500214,2,,POINT (-97.1500214 33.2082638)
3695224172,33.2136936,-97.1514931,2,,POINT (-97.1514931 33.2136936)
3695224173,33.2139764,-97.1484418,2,bus_stop,POINT (-97.1484418 33.2139764)
3703706660,33.2135152,-97.1352826,2,,POINT (-97.1352826 33.2135152)
3763123809,33.2064905,-97.1537947,2,crossing,POINT (-97.1537947 33.2064905)
3763123810,33.2065708,-97.1537292,2,crossing,POINT (-97.1537292 33.2065708)
3969095040,33.2096391,-97.1414936,2,,POINT (-97.1414936 33.2096391)
3969104764,33.2092956,-97.1419883,2,,POINT (-97.1419883 33.2092956)
4357603983,33.2104205,-97.1443743,3,traffic_signals,POINT (-97.1443743 33.2104205)
4789323845,33.2062424,-97.1532235,2,,POINT (-97.1532235 33.2062424)
4789323846,33.2062307,-97.1533976,2,,POINT (-97.1533976 33.2062307)
4789323847,33.2060396,-97.1532129,2,,POINT (-97.1532129 33.2060396)
5048578937,33.2140117,-97.1442636,2,,POINT (-97.1442636 33.2140117)
5055066703,33.2067863,-97.1529599,2,,POINT (-97.1529599 33.2067863)
5059238781,33.209298,-97.1529525,2,crossing,POINT (-97.1529525 33.209298)
5059238791,33.206777,-97.1507322,5,traffic_signals,POINT (-97.1507322 33.206777)
5059238795,33.206789,-97.15186,3,,POINT (-97.15186 33.206789)
5059238816,33.2092867,-97.1507787,2,crossing,POINT (-97.1507787 33.2092867)
5059238826,33.2064916,-97.1518629,2,,POINT (-97.1518629 33.2064916)
5059238831,33.20675,-97.14942,3,,POINT (-97.14942 33.20675)
5059238834,33.2062552,-97.1494301,2,,POINT (-97.1494301 33.2062552)
5059238837,33.2092854,-97.1506861,2,crossing,POINT (-97.1506861 33.2092854)
5059238845,33.208278,-97.1521506,2,crossing,POINT (-97.1521506 33.208278)
5059238848,33.2093806,-97.1530622,2,crossing,POINT (-97.1530622 33.2093806)
5059238889,33.2067726,-97.1505152,2,,POINT (-97.1505152 33.2067726)
5059238890,33.2061883,-97.14857,2,,POINT (-97.14857 33.2061883)
5059238892,33.2067302,-97.1485621,4,,POINT (-97.1485621 33.2067302)
5059238893,33.2093577,-97.1506304,2,crossing,POINT (-97.1506304 33.2093577)
5060888347,33.2127826,-97.1528924,2,crossing,POINT (-97.1528924 33.2127826)
5060888348,33.2125785,-97.1506437,2,crossing,POINT (-97.1506437 33.2125785)
5060888349,33.21266,-97.1505788,2,crossing,POINT (-97.1505788 33.21266)
5060888350,33.213753,-97.1507226,2,crossing,POINT (-97.1507226 33.213753)
5060888352,33.2125799,-97.1507446,2,crossing,POINT (-97.1507446 33.2125799)
5060888353,33.2126702,-97.1507918,2,crossing,POINT (-97.1507918 33.2126702)
5060888358,33.2136485,-97.1460529,2,,POINT (-97.1460529 33.2136485)
5060888359,33.2137837,-97.1528779,2,crossing,POINT (-97.1528779 33.2137837)
5060888360,33.2146787,-97.1528744,3,,POINT (-97.1528744 33.2146787)
5060888361,33.214387,-97.1462536,2,,POINT (-97.1462536 33.214387)
5060888362,33.2136956,-97.1462176,2,,POINT (-97.1462176 33.2136956)
5060888363,33.2127624,-97.1506445,2,crossing,POINT (-97.1506445 33.2127624)
5060888365,33.2146491,-97.1464339,4,traffic_signals,POINT (-97.1464339 33.2146491)
5060888366,33.2136876,-97.1507758,2,crossing,POINT (-97.1507758 33.2136876)
5060888368,33.2127635,-97.1507279,2,crossing,POINT (-97.1507279 33.2127635)
5060888369,33.2137546,-97.1506346,2,crossing,POINT (-97.1506346 33.2137546)
5060888370,33.2136547,-97.1461583,2,,POINT (-97.1461583 33.2136547)
5060888371,33.2126805,-97.153013,2,crossing,POINT (-97.153013 33.2126805)
5060888374,33.2141372,-97.1528842,2,,POINT (-97.1528842 33.2141372)
5060938370,33.2113184,-97.1431723,2,,POINT (-97.1431723 33.2113184)
5060938375,33.2115088,-97.1435462,2,,POINT (-97.1435462 33.2115088)
5060938379,33.211239,-97.14146,3,,POINT (-97.14146 33.211239)
5060938387,33.2136008,-97.1432959,2,,POINT (-97.1432959 33.2136008)
5060938389,33.2125998,-97.1424696,2,,POINT (-97.1424696 33.2125998)
5060938391,33.2126043,-97.142936,2,,POINT (-97.142936 33.2126043)
5060938392,33.2112485,-97.1429883,2,,POINT (-97.1429883 33.2112485)
5060938399,33.2126037,-97.1428743,2,,POINT (-97.1428743 33.2126037)
5060938402,33.2136457,-97.1456183,2,,POINT (-97.1456183 33.2136457)
5060938408,33.2114706,-97.1434255,2,,POINT (-97.1434255 33.2114706)
5060938412,33.2125974,-97.1422199,2,,POINT (-97.1422199 33.2125974)
5060938417,33.2112978,-97.1431385,2,,POINT (-97.1431385 33.2112978)
5060938921,33.2114975,-97.1434872,2,,POINT (-97.1434872 33.2114975)
5060938931,33.2135547,-97.1420198,2,,POINT (-97.1420198 33.2135547)
5060938937,33.2115155,-97.1436347,2,,POINT (-97.1436347 33.2115155)
5060938940,33.21259,-97.14144,4,stop,POINT (-97.14144 33.21259)
5060938941,33.2131774,-97.1414339,2,,POINT (-97.1414339 33.2131774)
5060938957,33.21363,-97.1435,2,,POINT (-97.1435 33.21363)
5060938963,33.2114347,-97.1433638,2,,POINT (-97.1433638 33.2114347)
5060938966,33.2112611,-97.1430614,2,,POINT (-97.1430614 33.2112611)
5060968107,33.209295,-97.1419353,2,,POINT (-97.1419353 33.209295)
5060968117,33.2082517,-97.1487173,2,,POINT (-97.1487173 33.2082517)
5060969331,33.2082531,-97.1488756,2,,POINT (-97.1488756 33.2082531)
5060969333,33.2104106,-97.14365,2,,POINT (-97.14365 33.2104106)
5060969352,33.20929,-97.1415,4,,POINT (-97.1415 33.20929)
5060969356,33.21038,-97.14148,3,,POINT (-97.14148 33.21038)
5060996619,33.2156787,-97.1455992,2,,POINT (-97.1455992 33.2156787)
5072227611,33.2125368,-97.1357195,2,,POINT (-97.1357195 33.2125368)
5074758479,33.2081849,-97.1507868,2,crossing,POINT (-97.1507868 33.2081849)
5074758501,33.2081849,-97.1506646,2,crossing,POINT (-97.1506646 33.2081849)
5074760626,33.2082636,-97.1500002,2,crossing,POINT (-97.1500002 33.2082636)
5074760632,33.2082686,-97.1506112,2,crossing,POINT (-97.1506112 33.2082686)
5074760679,33.2089168,-97.1506784,2,,POINT (-97.1506784 33.2089168)
5075741083,33.2085077,-97.1462742,2,,POINT (-97.1462742 33.2085077)
5075741096,33.2082415,-97.1473661,2,,POINT (-97.1473661 33.2082415)
5075741100,33.2091457,-97.1452617,2,,POINT (-97.1452617 33.2091457)
5075741101,33.2084968,-97.1452721,2,,POINT (-97.1452721 33.2084968)
5075741825,33.2093506,-97.1494172,2,crossing,POINT (-97.1494172 33.2093506)
5075741835,33.2093356,-97.1463991,2,crossing,POINT (-97.1463991 33.2093356)
5075741837,33.2092326,-97.1462777,2,crossing,POINT (-97.1462777 33.2092326)
5075741850,33.2083375,-97.146237,2,crossing,POINT (-97.146237 33.2083375)
5075741872,33.2084567,-97.1452732,2,,POINT (-97.1452732 33.2084567)
5075741892,33.2090911,-97.145263,2,,POINT (-97.145263 33.2090911)
5075741899,33.2093333,-97.1461671,2,crossing,POINT (-97.1461671 33.2093333)
5075741921,33.2082495,-97.1484921,2,crossing,POINT (-97.1484921 33.2082495)
5082149921,33.21569,-97.1494924,2,,POINT (-97.1494924 33.21569)
5082149922,33.2157265,-97.1538702,2,,POINT (-97.1538702 33.2157265)
5082149923,33.2156903,-97.1462951,2,,POINT (-97.1462951 33.2156903)
5115466857,33.2115695,-97.1508346,2,crossing,POINT (-97.1508346 33.2115695)
5115466897,33.2135642,-97.1442903,2,crossing,POINT (-97.1442903 33.2135642)
5115469343,33.2114806,-97.150658,2,crossing,POINT (-97.150658 33.2114806)
5115469345,33.2116788,-97.1507552,2,crossing,POINT (-97.1507552 33.2116788)
5115469362,33.2114834,-97.1507563,2,crossing,POINT (-97.1507563 33.2114834)
5115469366,33.2116852,-97.1506548,2,crossing,POINT (-97.1506548 33.2116852)
5213265680,33.2146123,-97.1464257,2,,POINT (-97.1464257 33.2146123)
5213265687,33.2157012,-97.1505171,2,crossing,POINT (-97.1505171 33.2157012)
5213265688,33.2114298,-97.1443606,2,crossing,POINT (-97.1443606 33.2114298)
5213265695,33.215775,-97.1506077,2,crossing,POINT (-97.1506077 33.215775)
5213265696,33.2147322,-97.1507104,2,crossing,POINT (-97.1507104 33.2147322)
5213265698,33.2145757,-97.1464045,2,crossing,POINT (-97.1464045 33.2145757)
5213265699,33.2147177,-97.1464334,2,crossing,POINT (-97.1464334 33.2147177)
5213265701,33.2147317,-97.1506389,2,crossing,POINT (-97.1506389 33.2147317)
5213265702,33.2063961,-97.1536306,2,crossing,POINT (-97.1536306 33.2063961)
5213265704,33.2146499,-97.1465264,2,crossing,POINT (-97.1465264 33.2146499)
5213265707,33.2146637,-97.1505201,2,crossing,POINT (-97.1505201 33.2146637)
5213265709,33.2146472,-97.1463306,2,crossing,POINT (-97.1463306 33.2146472)
5213265710,33.2157019,-97.1507201,2,crossing,POINT (-97.1507201 33.2157019)
5213265711,33.2126908,-97.1443118,2,crossing,POINT (-97.1443118 33.2126908)
5213265714,33.2156343,-97.1506644,2,crossing,POINT (-97.1506644 33.2156343)
5213265715,33.2065799,-97.1535786,2,crossing,POINT (-97.1535786 33.2065799)
5213265717,33.2116193,-97.1443586,2,crossing,POINT (-97.1443586 33.2116193)
5213265719,33.2146654,-97.1508073,2,crossing,POINT (-97.1508073 33.2146654)
5733427711,33.2083769,-97.1529531,2,,POINT (-97.1529531 33.2083769)
5733427712,33.2083367,-97.1529443,2,,POINT (-97.1529443 33.2083367)
5733427713,33.2082832,-97.1528804,2,,POINT (-97.1528804 33.2082832)
5733427714,33.2082776,-97.1528236,2,,POINT (-97.1528236 33.2082776)
5734614898,33.208179,-97.1461468,2,crossing,POINT (-97.1461468 33.208179)
5734614918,33.2093477,-97.1484949,2,,POINT (-97.1484949 33.2093477)
5734614919,33.2093216,-97.1453578,2,crossing,POINT (-97.1453578 33.2093216)
5742790022,33.2081897,-97.1485409,2,,POINT (-97.1485409 33.2081897)
5744713359,33.2059586,-97.1531613,2,,POINT (-97.1531613 33.2059586)
5744713360,33.2063315,-97.1533286,2,,POINT (-97.1533286 33.2063315)
5780593582,33.2082576,-97.1493605,2,,POINT (-97.1493605 33.2082576)
5791316782,33.2072602,-97.1443972,2,,POINT (-97.1443972 33.2072602)
5791316785,33.2069892,-97.1444005,2,,POINT (-97.1444005 33.2069892)
5791317356,33.2082169,-97.1442647,2,crossing,POINT (-97.1442647 33.2082169)
5791317357,33.2081357,-97.1443901,2,crossing,POINT (-97.1443901 33.2081357)
5791317415,33.2088379,-97.144378,2,,POINT (-97.144378 33.2088379)
5797617837,33.2138095,-97.1484437,2,,POINT (-97.1484437 33.2138095)
5800161986,33.2137189,-97.1484568,2,,POINT (-97.1484568 33.2137189)
5825737075,33.2083875,-97.1529533,2,,POINT (-97.1529533 33.2083875)
5829416093,33.2136724,-97.1485603,2,crossing,POINT (-97.1485603 33.2136724)
5969174217,33.2065352,-97.1391402,2,,POINT (-97.1391402 33.2065352)
5970979173,33.2087147,-97.1415104,2,,POINT (-97.1415104 33.2087147)
5970979175,33.2092767,-97.1407542,2,,POINT (-97.1407542 33.2092767)
5970979177,33.2097274,-97.1402235,2,,POINT (-97.1402235 33.2097274)
5970979178,33.2097461,-97.1414946,2,,POINT (-97.1414946 33.2097461)
5970979179,33.2102306,-97.1414827,2,,POINT (-97.1414827 33.2102306)
5970979182,33.2102518,-97.1402197,2,,POINT (-97.1402197 33.2102518)
5970979183,33.2108505,-97.140205,2,,POINT (-97.140205 33.2108505)
5970979788,33.2091423,-97.1385199,2,,POINT (-97.1385199 33.2091423)
5970979795,33.2101048,-97.1373182,2,,POINT (-97.1373182 33.2101048)
5970979797,33.2117503,-97.137296,2,,POINT (-97.137296 33.2117503)
5970979800,33.2110322,-97.1373078,2,,POINT (-97.1373078 33.2110322)
5970979816,33.2125676,-97.1384326,2,,POINT (-97.1384326 33.2125676)
5970979820,33.2103817,-97.1402166,2,,POINT (-97.1402166 33.2103817)
5970979828,33.2110779,-97.1402068,2,,POINT (-97.1402068 33.2110779)
5970989870,33.2095832,-97.1372993,2,,POINT (-97.1372993 33.2095832)
5975980218,33.2102836,-97.14022,2,,POINT (-97.14022 33.2102836)
5975980222,33.2106792,-97.1402162,2,,POINT (-97.1402162 33.2106792)
5975980228,33.2091318,-97.1375384,2,,POINT (-97.1375384 33.2091318)
5975980229,33.2125724,-97.1390825,2,,POINT (-97.1390825 33.2125724)
6021242034,33.2110007,-97.1443668,2,,POINT (-97.1443668 33.2110007)
6021271429,33.2156163,-97.136573,2,,POINT (-97.136573 33.2156163)
6021271433,33.2145545,-97.1356141,2,,POINT (-97.1356141 33.2145545)
6021271435,33.2135155,-97.135655,2,,POINT (-97.135655 33.2135155)
6021271438,33.2135192,-97.136423,2,,POINT (-97.136423 33.2135192)
6021271441,33.2139975,-97.1371257,2,,POINT (-97.1371257 33.2139975)
6021271446,33.2145562,-97.1357544,2,,POINT (-97.1357544 33.2145562)
6021271447,33.2135149,-97.1351606,2,,POINT (-97.1351606 33.2135149)
6024531270,33.2101687,-97.1337542,2,,POINT (-97.1337542 33.2101687)
6024531273,33.2105316,-97.1337447,2,,POINT (-97.1337447 33.2105316)
6024531274,33.2106983,-97.1346496,2,,POINT (-97.1346496 33.2106983)
6024531276,33.2110868,-97.1337356,2,,POINT (-97.1337356 33.2110868)
6024531277,33.2110711,-97.1324796,2,,POINT (-97.1324796 33.2110711)
6024531278,33.2106972,-97.1329308,2,,POINT (-97.1329308 33.2106972)
6024531280,33.211398,-97.1324793,2,,POINT (-97.1324793 33.211398)
6024806594,33.2146419,-97.1456606,2,,POINT (-97.1456606 33.2146419)
6035191370,33.2127242,-97.1492003,2,,POINT (-97.1492003 33.2127242)
6041308826,33.2065424,-97.1401456,2,,POINT (-97.1401456 33.2065424)
6041308829,33.206541,-97.1399291,2,,POINT (-97.1399291 33.206541)
6041354005,33.2071728,-97.1350376,2,,POINT (-97.1350376 33.2071728)
6041354009,33.2069981,-97.1340539,2,,POINT (-97.1340539 33.2069981)
6041354011,33.2071849,-97.1365884,2,,POINT (-97.1365884 33.2071849)
6041354017,33.2065068,-97.1358261,2,,POINT (-97.1358261 33.2065068)
6041354018,33.2059933,-97.1325485,2,,POINT (-97.1325485 33.2059933)
6041354022,33.209269,-97.1337779,2,,POINT (-97.1337779 33.209269)
6041354025,33.2087184,-97.1325073,2,,POINT (-97.1325073 33.2087184)
6041357690,33.2065932,-97.1429297,2,,POINT (-97.1429297 33.2065932)
6041357699,33.2065767,-97.1423306,2,,POINT (-97.1423306 33.2065767)
6041357700,33.2066212,-97.1438939,2,,POINT (-97.1438939 33.2066212)
6044016134,33.21569,-97.149814,2,,POINT (-97.149814 33.21569)
6044016139,33.2156962,-97.1503084,2,,POINT (-97.1503084 33.2156962)
6044016140,33.21569,-97.1498829,2,,POINT (-97.1498829 33.21569)
6044016143,33.215693,-97.1501047,2,,POINT (-97.1501047 33.215693)
6044016147,33.21569,-97.1497566,2,,POINT (-97.1497566 33.21569)
6044016151,33.2159126,-97.1491593,2,,POINT (-97.1491593 33.2159126)
6044016152,33.2158997,-97.1505993,2,,POINT (-97.1505993 33.2158997)
6044016159,33.2156941,-97.1501752,2,,POINT (-97.1501752 33.2156941)
6044016162,33.2156945,-97.1486243,2,,POINT (-97.1486243 33.2156945)
6044016171,33.2157493,-97.1491711,2,,POINT (-97.1491711 33.2157493)
6046792084,33.208251,-97.1330664,2,,POINT (-97.1330664 33.208251)
6071396490,33.2082737,-97.1514256,2,,POINT (-97.1514256 33.2082737)
6071396491,33.2067877,-97.1523792,2,,POINT (-97.1523792 33.2067877)
6077804427,33.2135614,-97.1429251,2,,POINT (-97.1429251 33.2135614)
6148153939,33.2156485,-97.1324516,2,crossing,POINT (-97.1324516 33.2156485)
6148153940,33.215529,-97.132338,2,crossing,POINT (-97.132338 33.215529)
6148153941,33.2155323,-97.1325773,2,crossing,POINT (-97.1325773 33.2155323)
6148153942,33.2154464,-97.1324662,2,crossing,POINT (-97.1324662 33.2154464)
6148153943,33.2144162,-97.1324717,2,crossing,POINT (-97.1324717 33.2144162)
6148153944,33.2145289,-97.1323483,2,crossing,POINT (-97.1323483 33.2145289)
6148153945,33.2145303,-97.1325876,2,crossing,POINT (-97.1325876 33.2145303)
6148153946,33.2146196,-97.1324747,2,crossing,POINT (-97.1324747 33.2146196)
6148153947,33.2144253,-97.1336977,2,crossing,POINT (-97.1336977 33.2144253)
6148153948,33.2145317,-97.1338211,2,crossing,POINT (-97.1338211 33.2145317)
6148153949,33.2146288,-97.1336887,2,crossing,POINT (-97.1336887 33.2146288)
6148153950,33.2145324,-97.1335853,2,crossing,POINT (-97.1335853 33.2145324)
6148153951,33.2155561,-97.1337978,2,crossing,POINT (-97.1337978 33.2155561)
6148153952,33.2154621,-97.1336647,2,crossing,POINT (-97.1336647 33.2154621)
6148153953,33.2155504,-97.1335584,2,crossing,POINT (-97.1335584 33.2155504)
6148153954,33.2156641,-97.1336641,2,crossing,POINT (-97.1336641 33.2156641)
6148156939,33.2091294,-97.1373085,2,,POINT (-97.1373085 33.2091294)
6220339038,33.2137488,-97.1462396,2,,POINT (-97.1462396 33.2137488)
6220339040,33.2143124,-97.14623,2,,POINT (-97.14623 33.2143124)
6220339041,33.2136489,-97.1461074,2,crossing,POINT (-97.1461074 33.2136489)
6220339052,33.2146357,-97.1443242,2,crossing,POINT (-97.1443242 33.2146357)
6220339054,33.2136379,-97.1444179,2,crossing,POINT (-97.1444179 33.2136379)
6316752015,33.2091505,-97.1368659,2,,POINT (-97.1368659 33.2091505)
6316752023,33.2107066,-97.1367527,2,,POINT (-97.1367527 33.2107066)
6456307879,33.2125752,-97.1394633,2,,POINT (-97.1394633 33.2125752)
6465288427,33.2080894,-97.1402526,2,,POINT (-97.1402526 33.2080894)
6465288428,33.2080998,-97.14152,2,,POINT (-97.14152 33.2080998)
6482025389,33.2066632,-97.1451399,2,,POINT (-97.1451399 33.2066632)
6482025392,33.206645,-97.1447402,2,,POINT (-97.1447402 33.206645)
6538585504,33.2082377,-97.1469413,2,,POINT (-97.1469413 33.2082377)
6729436994,33.2156912,-97.1479118,2,,POINT (-97.1479118 33.2156912)
6729436998,33.21569,-97.1476836,2,,POINT (-97.1476836 33.21569)
6729436999,33.21569,-97.1470092,2,,POINT (-97.1470092 33.21569)
6729437006,33.21569,-97.1471258,2,,POINT (-97.1471258 33.21569)
6729437007,33.2146612,-97.1474755,2,,POINT (-97.1474755 33.2146612)
6729437009,33.21569,-97.1475226,2,,POINT (-97.1475226 33.21569)
6731315146,33.2061244,-97.1378963,2,,POINT (-97.1378963 33.2061244)
6731315154,33.2060031,-97.1350632,2,,POINT (-97.1350632 33.2060031)
6731315155,33.2065038,-97.1353959,2,,POINT (-97.1353959 33.2065038)
6735376264,33.2103821,-97.132478,2,,POINT (-97.132478 33.2103821)
6739024584,33.2156283,-97.1381426,2,,POINT (-97.1381426 33.2156283)
6739042286,33.215625,-97.1377961,2,,POINT (-97.1377961 33.215625)
6739042290,33.2159739,-97.1372754,2,,POINT (-97.1372754 33.2159739)
6746280003,33.2135495,-97.1402914,2,,POINT (-97.1402914 33.2135495)
6749104430,33.2110491,-97.133736,2,,POINT (-97.133736 33.2110491)
6749104434,33.2107219,-97.1344629,2,,POINT (-97.1344629 33.2107219)
6749108434,33.2146386,-97.1448487,2,,POINT (-97.1448487 33.2146386)
6749108438,33.2142232,-97.1442554,2,,POINT (-97.1442554 33.2142232)
6749443187,33.2129233,-97.13371,2,,POINT (-97.13371 33.2129233)
6749443189,33.2125126,-97.1332207,2,,POINT (-97.1332207 33.2125126)
6749443190,33.2135002,-97.1328339,2,,POINT (-97.1328339 33.2135002)
6749516028,33.2061298,-97.14153,2,,POINT (-97.14153 33.2061298)
6749516034,33.2065461,-97.1408408,2,,POINT (-97.1408408 33.2065461)
6749516035,33.2103869,-97.1419272,2,,POINT (-97.1419272 33.2103869)
6749516039,33.2112415,-97.1418615,2,,POINT (-97.1418615 33.2112415)
6902376744,33.2076099,-97.1402664,2,,POINT (-97.1402664 33.2076099)
6902376746,33.2074458,-97.1402711,2,,POINT (-97.1402711 33.2074458)
6902376748,33.2073422,-97.1402741,2,,POINT (-97.1402741 33.2073422)
6902376750,33.2071958,-97.1402783,2,,POINT (-97.1402783 33.2071958)
6902376752,33.2070424,-97.1402829,2,,POINT (-97.1402829 33.2070424)
6902376754,33.2069067,-97.1402866,2,,POINT (-97.1402866 33.2069067)
6902376756,33.2067113,-97.1402922,2,,POINT (-97.1402922 33.2067113)
6925216268,33.2103188,-97.1443741,2,crossing,POINT (-97.1443741 33.2103188)
6925216269,33.2104186,-97.1442364,2,crossing,POINT (-97.1442364 33.2104186)
7008588722,33.2059233,-97.144418,2,,POINT (-97.144418 33.2059233)
7049335544,33.2135376,-97.1390672,2,,POINT (-97.1390672 33.2135376)
7051097975,33.2062259,-97.1378947,2,,POINT (-97.1378947 33.2062259)
7052346677,33.2104016,-97.1429943,2,,POINT (-97.1429943 33.2104016)
7078930724,33.2146845,-97.153775,2,,POINT (-97.153775 33.2146845)
7078930727,33.2142136,-97.1528828,2,,POINT (-97.1528828 33.2142136)
7078930730,33.2144368,-97.1528788,2,,POINT (-97.1528788 33.2144368)
7085679859,33.206529,-97.1383831,2,,POINT (-97.1383831 33.206529)
7087311577,33.2146302,-97.1434335,2,,POINT (-97.1434335 33.2146302)
7087336490,33.2146267,-97.1428678,2,,POINT (-97.1428678 33.2146267)
7087336491,33.2136319,-97.1435776,2,,POINT (-97.1435776 33.2136319)
7139072378,33.21569,-97.1469279,2,,POINT (-97.1469279 33.21569)
7139072382,33.21569,-97.147085,2,,POINT (-97.147085 33.21569)
7151347247,33.2117805,-97.1324789,2,,POINT (-97.1324789 33.2117805)
7151347248,33.2119661,-97.1337181,2,,POINT (-97.1337181 33.2119661)
7151347251,33.21211,-97.133716,2,,POINT (-97.133716 33.21211)
7202637858,33.2146249,-97.1425792,2,,POINT (-97.1425792 33.2146249)
7202637860,33.2135561,-97.142586,2,,POINT (-97.142586 33.2135561)
7205594471,33.2145878,-97.1386614,2,,POINT (-97.1386614 33.2145878)
7207355108,33.2135667,-97.1429753,2,,POINT (-97.1429753 33.2135667)
7226761394,33.2146599,-97.1491001,2,,POINT (-97.1491001 33.2146599)
7226761402,33.2152433,-97.1484271,2,,POINT (-97.1484271 33.2152433)
7298702164,33.2084529,-97.1402421,2,,POINT (-97.1402421 33.2084529)
7298702165,33.2084549,-97.1415151,2,,POINT (-97.1415151 33.2084549)
7484343495,33.207373,-97.1339178,2,,POINT (-97.1339178 33.207373)
7484343498,33.2072645,-97.1325267,2,,POINT (-97.1325267 33.2072645)
7484343501,33.2077381,-97.1325187,2,,POINT (-97.1325187 33.2077381)
7484343502,33.2069987,-97.1325311,2,,POINT (-97.1325311 33.2069987)
7484343504,33.2072997,-97.1339373,2,,POINT (-97.1339373 33.2072997)
7537734549,33.2061458,-97.1472943,2,,POINT (-97.1472943 33.2061458)
7537734554,33.2060086,-97.1472954,2,,POINT (-97.1472954 33.2060086)
7569599472,33.2125736,-97.1396811,2,,POINT (-97.1396811 33.2125736)
7569615235,33.2069661,-97.1340678,2,,POINT (-97.1340678 33.2069661)
7569636592,33.2139366,-97.1414316,2,,POINT (-97.1414316 33.2139366)
7569636597,33.2135568,-97.1418074,2,,POINT (-97.1418074 33.2135568)
7588520685,33.2125247,-97.1343381,2,,POINT (-97.1343381 33.2125247)
7588520686,33.2132425,-97.1337068,2,,POINT (-97.1337068 33.2132425)
7588520689,33.2133713,-97.1337034,2,,POINT (-97.1337034 33.2133713)
7588520690,33.2135138,-97.134754,2,,POINT (-97.134754 33.2135138)
7588520698,33.2125518,-97.1366687,2,,POINT (-97.1366687 33.2125518)
7588520699,33.2135273,-97.1380153,2,,POINT (-97.1380153 33.2135273)
7588520701,33.2135223,-97.137503,2,,POINT (-97.137503 33.2135223)
7588520706,33.2140106,-97.1372739,2,,POINT (-97.1372739 33.2140106)
7588520712,33.213526,-97.1379829,2,,POINT (-97.1379829 33.213526)
7588520713,33.2141207,-97.1372701,2,,POINT (-97.1372701 33.2141207)
7588520717,33.2145774,-97.1377037,2,,POINT (-97.1377037 33.2145774)
7715218353,33.2062366,-97.150742,2,,POINT (-97.150742 33.2062366)
7715311949,33.2061124,-97.1507466,2,,POINT (-97.1507466 33.2061124)
7829607385,33.2155773,-97.1349357,2,,POINT (-97.1349357 33.2155773)
7829607386,33.2155832,-97.1350575,2,,POINT (-97.1350575 33.2155832)
7829607414,33.2155714,-97.1343945,2,crossing,POINT (-97.1343945 33.2155714)
7829607416,33.2156746,-97.1343036,2,crossing,POINT (-97.1343036 33.2156746)
7829607418,33.215568,-97.1342196,2,crossing,POINT (-97.1342196 33.215568)
7829607419,33.2154867,-97.1343071,2,crossing,POINT (-97.1343071 33.2154867)
7829607457,33.2145575,-97.1358608,2,,POINT (-97.1358608 33.2145575)
7829607463,33.2156094,-97.1361973,2,,POINT (-97.1361973 33.2156094)
7829607464,33.2145633,-97.1363414,2,,POINT (-97.1363414 33.2145633)
7830733373,33.2145377,-97.134232,2,crossing,POINT (-97.134232 33.2145377)
7830733375,33.2144336,-97.1343115,2,crossing,POINT (-97.1343115 33.2144336)
7830733377,33.2145398,-97.1344101,2,crossing,POINT (-97.1344101 33.2145398)
7830733378,33.2146152,-97.1343099,2,crossing,POINT (-97.1343099 33.2146152)
7830733383,33.213593,-97.1343263,2,crossing,POINT (-97.1343263 33.213593)
7830816034,33.2145715,-97.1370223,2,crossing,POINT (-97.1370223 33.2145715)
7830816037,33.214504,-97.1371176,2,crossing,POINT (-97.1371176 33.214504)
7830816038,33.2146414,-97.1371149,2,crossing,POINT (-97.1371149 33.2146414)
7830816039,33.2145051,-97.1372645,2,crossing,POINT (-97.1372645 33.2145051)
7830816040,33.2146471,-97.1372647,2,crossing,POINT (-97.1372647 33.2146471)
7830816041,33.2145735,-97.1373431,2,crossing,POINT (-97.1373431 33.2145735)
7830816042,33.2152035,-97.1371311,2,,POINT (-97.1371311 33.2152035)
7830816046,33.2151886,-97.1365337,2,,POINT (-97.1365337 33.2151886)
7830816048,33.2156177,-97.1368195,2,,POINT (-97.1368195 33.2156177)
7830816069,33.2135195,-97.1369243,2,,POINT (-97.1369243 33.2135195)
7830816083,33.2145528,-97.1354711,2,,POINT (-97.1354711 33.2145528)
7830824091,33.214644,-97.1365417,2,crossing,POINT (-97.1365417 33.214644)
7830824093,33.2145475,-97.1350381,2,,POINT (-97.1350381 33.2145475)
7830824096,33.2156065,-97.1357601,2,,POINT (-97.1357601 33.2156065)
7830824101,33.2156104,-97.1363449,2,,POINT (-97.1363449 33.2156104)
7830824126,33.2135199,-97.1370674,2,crossing,POINT (-97.1370674 33.2135199)
7830824127,33.213584,-97.137133,2,crossing,POINT (-97.137133 33.213584)
7830824128,33.2134633,-97.137154,2,crossing,POINT (-97.137154 33.2134633)
7830824129,33.2134628,-97.137268,2,crossing,POINT (-97.137268 33.2134628)
7830824130,33.2135853,-97.1372681,2,crossing,POINT (-97.1372681 33.2135853)
7830824131,33.2135209,-97.1373631,2,crossing,POINT (-97.1373631 33.2135209)
7830824144,33.2146522,-97.1381086,2,crossing,POINT (-97.1381086 33.2146522)
7830824145,33.2146625,-97.1391574,2,crossing,POINT (-97.1391574 33.2146625)
7830824147,33.2146348,-97.1441778,2,crossing,POINT (-97.1441778 33.2146348)
7830824148,33.2147062,-97.1442436,2,crossing,POINT (-97.1442436 33.2147062)
7830824149,33.2145625,-97.1442467,2,crossing,POINT (-97.1442467 33.2145625)
7830824162,33.2145561,-97.1414341,2,crossing,POINT (-97.1414341 33.2145561)
7830824950,33.2151014,-97.1343083,2,,POINT (-97.1343083 33.2151014)
7830824967,33.215676,-97.1351789,2,crossing,POINT (-97.1351789 33.215676)
7830831190,33.2156192,-97.1370664,2,crossing,POINT (-97.1370664 33.2156192)
7830831191,33.2155579,-97.1371507,2,crossing,POINT (-97.1371507 33.2155579)
7830831192,33.2156878,-97.1371423,2,crossing,POINT (-97.1371423 33.2156878)
7830831193,33.2155607,-97.1372791,2,crossing,POINT (-97.1372791 33.2155607)
7830831194,33.215693,-97.1372813,2,crossing,POINT (-97.1372813 33.215693)
7830831195,33.2156209,-97.1373714,2,crossing,POINT (-97.1373714 33.2156209)
7830831200,33.2155491,-97.1365283,2,crossing,POINT (-97.1365283 33.2155491)
7832497592,33.2139648,-97.132351,2,crossing,POINT (-97.132351 33.2139648)
7832497593,33.2140512,-97.1324722,2,crossing,POINT (-97.1324722 33.2140512)
7832497594,33.21391,-97.1324757,2,crossing,POINT (-97.1324757 33.21391)
7832497595,33.2139678,-97.1325806,2,crossing,POINT (-97.1325806 33.2139678)
7832497603,33.2135002,-97.1327772,2,,POINT (-97.1327772 33.2135002)
7832497612,33.2139882,-97.1335945,2,crossing,POINT (-97.1335945 33.2139882)
7832497613,33.2140551,-97.1336984,2,crossing,POINT (-97.1336984 33.2140551)
7832497614,33.2139251,-97.1336988,2,crossing,POINT (-97.1336988 33.2139251)
7832497615,33.2139898,-97.1338252,2,crossing,POINT (-97.1338252 33.2139898)
7832497624,33.2139948,-97.1342472,2,crossing,POINT (-97.1342472 33.2139948)
7998704496,33.2145786,-97.1378147,2,,POINT (-97.1378147 33.2145786)
7998704504,33.2151091,-97.137272,2,,POINT (-97.137272 33.2151091)
7998704510,33.2156237,-97.137762,2,,POINT (-97.137762 33.2156237)
7998704511,33.2151222,-97.1381082,2,,POINT (-97.1381082 33.2151222)
7998704522,33.2156079,-97.1359716,2,,POINT (-97.1359716 33.2156079)
7998704528,33.2156097,-97.1362468,2,,POINT (-97.1362468 33.2156097)
8002083873,33.2140792,-97.1462335,2,,POINT (-97.1462335 33.2140792)
8005778410,33.2065088,-97.1460235,2,,POINT (-97.1460235 33.2065088)
8310859103,33.21569,-97.1476285,2,,POINT (-97.1476285 33.21569)
8310859107,33.2160549,-97.1464192,2,,POINT (-97.1464192 33.2160549)
8310883017,33.2156787,-97.1457159,2,,POINT (-97.1457159 33.2156787)
8448193258,33.2082356,-97.1463626,2,crossing,POINT (-97.1463626 33.2082356)
8538334932,33.2103549,-97.1337493,2,,POINT (-97.1337493 33.2103549)
8593818769,33.2135162,-97.1357701,2,,POINT (-97.1357701 33.2135162)
8593818773,33.2125315,-97.1353244,2,,POINT (-97.1353244 33.2125315)
8593818782,33.2125354,-97.1356372,2,,POINT (-97.1356372 33.2125354)
8593818783,33.2135154,-97.1355035,2,,POINT (-97.1355035 33.2135154)
8593878454,33.2149501,-97.1484313,2,,POINT (-97.1484313 33.2149501)
8593878462,33.2146608,-97.1479077,2,,POINT (-97.1479077 33.2146608)
8593878463,33.214631,-97.1435704,2,,POINT (-97.1435704 33.214631)
8593880328,33.2156933,-97.1489499,2,,POINT (-97.1489499 33.2156933)
8593961396,33.2119864,-97.1372922,2,,POINT (-97.1372922 33.2119864)
8594051995,33.2113166,-97.1414574,2,,POINT (-97.1414574 33.2113166)
8594052000,33.2112444,-97.1423305,2,,POINT (-97.1423305 33.2112444)
8594052002,33.2112459,-97.1425755,2,,POINT (-97.1425755 33.2112459)
8594052004,33.2126018,-97.142672,2,,POINT (-97.142672 33.2126018)
8597404380,33.2067204,-97.1481627,2,,POINT (-97.1481627 33.2067204)
8597404384,33.2064072,-97.1485668,2,,POINT (-97.1485668 33.2064072)
8597541968,33.2070277,-97.1444,2,,POINT (-97.1444 33.2070277)
8649501361,33.2160876,-97.1331002,2,,POINT (-97.1331002 33.2160876)
8649541228,33.2063209,-97.1518645,2,,POINT (-97.1518645 33.2063209)
8649541236,33.20643,-97.1518635,2,,POINT (-97.1518635 33.20643)
8658922926,33.2087623,-97.1371468,2,,POINT (-97.1371468 33.2087623)
8658922927,33.207051,-97.1367228,2,,POINT (-97.1367228 33.207051)
8725076705,33.2121541,-97.1372895,2,,POINT (-97.1372895 33.2121541)
8743122076,33.2062904,-97.1472932,2,,POINT (-97.1472932 33.2062904)
8743722296,33.2073761,-97.1415258,2,,POINT (-97.1415258 33.2073761)
8822900152,33.2157827,-97.15186,2,,POINT (-97.15186 33.2157827)
8822900154,33.2157986,-97.1539791,2,,POINT (-97.1539791 33.2157986)
8822903943,33.2156552,-97.1536317,2,,POINT (-97.1536317 33.2156552)
8822904004,33.2157073,-97.1391571,2,,POINT (-97.1391571 33.2157073)
8822904006,33.2157202,-97.1404073,2,,POINT (-97.1404073 33.2157202)
8822904008,33.2157481,-97.1435053,2,,POINT (-97.1435053 33.2157481)
8822904011,33.2157521,-97.14478,2,crossing,POINT (-97.14478 33.2157521)
8822904015,33.2156896,-97.1463439,2,crossing,POINT (-97.1463439 33.2156896)
8822904016,33.2157549,-97.1464199,2,crossing,POINT (-97.1464199 33.2157549)
8822913117,33.2156143,-97.146421,2,crossing,POINT (-97.146421 33.2156143)
8822913118,33.21569,-97.1465081,2,crossing,POINT (-97.1465081 33.21569)
8859141965,33.2156792,-97.1434188,2,crossing,POINT (-97.1434188 33.2156792)
8859141973,33.21568,-97.1435785,2,crossing,POINT (-97.1435785 33.21568)
8859155238,33.2155573,-97.1380927,2,,POINT (-97.1380927 33.2155573)
8859155240,33.2155701,-97.1391596,2,crossing,POINT (-97.1391596 33.2155701)
8859155243,33.2156102,-97.1442285,2,crossing,POINT (-97.1442285 33.2156102)
8859155310,33.2156388,-97.1392254,2,crossing,POINT (-97.1392254 33.2156388)
8859163343,33.2156373,-97.1390706,2,crossing,POINT (-97.1390706 33.2156373)
8860768030,33.2083196,-97.1443864,2,crossing,POINT (-97.1443864 33.2083196)
8860768031,33.2082192,-97.1444998,2,crossing,POINT (-97.1444998 33.2082192)
8860768038,33.2081402,-97.1452812,2,,POINT (-97.1452812 33.2081402)
8860768041,33.2067507,-97.1460195,2,,POINT (-97.1460195 33.2067507)
8860768044,33.2066789,-97.145942,2,crossing,POINT (-97.145942 33.2066789)
8860768046,33.2066818,-97.1461414,2,crossing,POINT (-97.1461414 33.2066818)
8860768053,33.2066284,-97.1443254,2,crossing,POINT (-97.1443254 33.2066284)
8860768054,33.2067143,-97.1444039,2,crossing,POINT (-97.1444039 33.2067143)
8860768055,33.2065634,-97.1444061,2,crossing,POINT (-97.1444061 33.2065634)
8860768056,33.2066344,-97.1445078,2,crossing,POINT (-97.1445078 33.2066344)
8860768059,33.2065145,-97.1431612,2,,POINT (-97.1431612 33.2065145)
8860768075,33.2066258,-97.1472974,2,crossing,POINT (-97.1472974 33.2066258)
8860768076,33.2065981,-97.1460233,2,crossing,POINT (-97.1460233 33.2065981)
8860768078,33.206646,-97.1485615,2,crossing,POINT (-97.1485615 33.206646)
8860768123,33.2064769,-97.1535671,2,crossing,POINT (-97.1535671 33.2064769)
8863339204,33.2150462,-97.1391559,2,,POINT (-97.1391559 33.2150462)
8863339206,33.2156307,-97.138389,2,,POINT (-97.138389 33.2156307)
8863356441,33.2125598,-97.1370872,2,,POINT (-97.1370872 33.2125598)
8863356444,33.2115908,-97.1370861,2,,POINT (-97.1370861 33.2115908)
8863356448,33.2124481,-97.133711,2,,POINT (-97.133711 33.2124481)
8863356449,33.2124395,-97.1324782,2,,POINT (-97.1324782 33.2124395)
8863356460,33.2135003,-97.1325865,2,,POINT (-97.1325865 33.2135003)
8863356468,33.2125839,-97.1324782,2,crossing,POINT (-97.1324782 33.2125839)
8863356477,33.2107087,-97.1336563,2,,POINT (-97.1336563 33.2107087)
8863356485,33.20824,-97.1337548,2,,POINT (-97.1337548 33.20824)
8863356488,33.2125177,-97.1336123,2,crossing,POINT (-97.1336123 33.2125177)
8863356505,33.2092122,-97.1356394,2,,POINT (-97.1356394 33.2092122)
8863356508,33.2092054,-97.1370987,2,,POINT (-97.1370987 33.2092054)
8863356509,33.2092062,-97.1372546,2,,POINT (-97.1372546 33.2092062)
8863362421,33.2125596,-97.1373694,2,,POINT (-97.1373694 33.2125596)
8863362443,33.2135035,-97.1414306,2,crossing,POINT (-97.1414306 33.2135035)
8863362447,33.2136131,-97.1414302,2,crossing,POINT (-97.1414302 33.2136131)
8863362455,33.2125271,-97.1414406,2,,POINT (-97.1414406 33.2125271)
8863362463,33.2126167,-97.144232,2,crossing,POINT (-97.144232 33.2126167)
8863362486,33.2135598,-97.1415051,2,crossing,POINT (-97.1415051 33.2135598)
8863362487,33.2125907,-97.141517,2,crossing,POINT (-97.141517 33.2125907)
8863362488,33.2126674,-97.1414392,2,,POINT (-97.1414392 33.2126674)
8863362502,33.2135028,-97.1338396,2,,POINT (-97.1338396 33.2135028)
8863362504,33.21252,-97.1338254,2,crossing,POINT (-97.1338254 33.21252)
8863362516,33.2126061,-97.13371,2,crossing,POINT (-97.13371 33.2126061)
8863376220,33.2135632,-97.1336998,2,crossing,POINT (-97.1336998 33.2135632)
8863376221,33.2134485,-97.1337014,2,,POINT (-97.1337014 33.2134485)
8863376227,33.2134145,-97.1324794,2,crossing,POINT (-97.1324794 33.2134145)
8863376228,33.2134991,-97.1323717,2,crossing,POINT (-97.1323717 33.2134991)
8863388266,33.2136355,-97.1441949,2,crossing,POINT (-97.1441949 33.2136355)
8863388267,33.2137183,-97.1442805,2,crossing,POINT (-97.1442805 33.2137183)
8863388279,33.2157686,-97.14779,2,crossing,POINT (-97.14779 33.2157686)
8942559906,33.2065052,-97.1356,2,,POINT (-97.1356 33.2065052)
8944753222,33.2125046,-97.1326023,2,crossing,POINT (-97.1326023 33.2125046)
8944759855,33.2139676,-97.1372733,2,,POINT (-97.1372733 33.2139676)
8944848470,33.2152311,-97.1365331,2,,POINT (-97.1365331 33.2152311)
8944848476,33.2148801,-97.1365382,2,,POINT (-97.1365382 33.2148801)
9021546371,33.2068109,-97.1444027,2,,POINT (-97.1444027 33.2068109)
9021546381,33.205995,-97.1530297,2,,POINT (-97.1530297 33.205995)
9021561700,33.2148013,-97.1343093,2,,POINT (-97.1343093 33.2148013)
9021561703,33.215786,-97.1351763,2,,POINT (-97.1351763 33.215786)
9021660765,33.2150716,-97.1371121,2,,POINT (-97.1371121 33.2150716)
9021660776,33.2129707,-97.137152,2,,POINT (-97.137152 33.2129707)
9021660777,33.2131209,-97.1371606,2,,POINT (-97.1371606 33.2131209)
9021660778,33.2126892,-97.137147,2,,POINT (-97.137147 33.2126892)
9021660779,33.2120183,-97.1371551,2,,POINT (-97.1371551 33.2120183)
9021660780,33.2121667,-97.1371717,2,,POINT (-97.1371717 33.2121667)
9029256999,33.2146391,-97.1449333,2,,POINT (-97.1449333 33.2146391)
9033084820,33.2156789,-97.1450998,2,,POINT (-97.1450998 33.2156789)
9033084822,33.2156801,-97.1448554,2,,POINT (-97.1448554 33.2156801)
9036693229,33.2104056,-97.1432903,2,,POINT (-97.1432903 33.2104056)
9036693234,33.210409,-97.1435386,2,,POINT (-97.1435386 33.210409)
9036693260,33.210399,-97.1428207,2,,POINT (-97.1428207 33.210399)
9036693267,33.2103963,-97.1426358,2,,POINT (-97.1426358 33.2103963)
9036693276,33.2103931,-97.1424123,2,,POINT (-97.1424123 33.2103931)
9036697799,33.2146317,-97.143688,2,,POINT (-97.143688 33.2146317)
9036701382,33.2126028,-97.142782,2,,POINT (-97.142782 33.2126028)
9036701404,33.2126601,-97.1505212,2,,POINT (-97.1505212 33.2126601)
9036760834,33.2146264,-97.1428201,2,,POINT (-97.1428201 33.2146264)
9036760867,33.2151572,-97.1442361,2,,POINT (-97.1442361 33.2151572)
9036760871,33.2156674,-97.142106,2,,POINT (-97.142106 33.2156674)
9036760906,33.215646,-97.1399661,2,,POINT (-97.1399661 33.215646)
9036760936,33.2156406,-97.1394094,2,,POINT (-97.1394094 33.2156406)
9036760951,33.2145898,-97.1389035,2,,POINT (-97.1389035 33.2145898)
9038436816,33.2143619,-97.1324718,2,,POINT (-97.1324718 33.2143619)
9038443917,33.2140834,-97.1324722,2,,POINT (-97.1324722 33.2140834)
9038443918,33.2155334,-97.1326351,2,,POINT (-97.1326351 33.2155334)
9038443919,33.2155489,-97.1334769,2,,POINT (-97.1334769 33.2155489)
9038443920,33.2154123,-97.1336661,2,,POINT (-97.1336661 33.2154123)
9038443921,33.2146932,-97.1336868,2,,POINT (-97.1336868 33.2146932)
9042125168,33.2146012,-97.1399715,2,,POINT (-97.1399715 33.2146012)
9042125171,33.2145998,-97.1398453,2,,POINT (-97.1398453 33.2145998)
9042125180,33.2145943,-97.1393581,2,,POINT (-97.1393581 33.2145943)
9042139698,33.2156708,-97.1425097,2,,POINT (-97.1425097 33.2156708)
9042139701,33.2156599,-97.1414104,2,,POINT (-97.1414104 33.2156599)
9042139704,33.2146115,-97.1408707,2,,POINT (-97.1408707 33.2146115)
9042139706,33.2146048,-97.1402861,2,,POINT (-97.1402861 33.2146048)
9042139713,33.2146095,-97.1407002,2,,POINT (-97.1407002 33.2146095)
9042139718,33.214619,-97.1416102,2,,POINT (-97.1416102 33.214619)
9042139721,33.2146212,-97.1419714,2,,POINT (-97.1419714 33.2146212)
9183679974,33.2156182,-97.1368915,2,,POINT (-97.1368915 33.2156182)
9183683831,33.2146414,-97.1455271,2,,POINT (-97.1455271 33.2146414)
9375732066,33.2067036,-97.1474783,2,,POINT (-97.1474783 33.2067036)
9375732067,33.2066989,-97.1471416,2,,POINT (-97.1471416 33.2066989)
9513229510,33.2071963,-97.1507885,2,,POINT (-97.1507885 33.2071963)
9513229511,33.2070274,-97.1507899,2,,POINT (-97.1507899 33.2070274)
9530423835,33.2067101,-97.1518608,2,crossing,POINT (-97.1518608 33.2067101)
9530423881,33.2067789,-97.1508685,2,crossing,POINT (-97.1508685 33.2067789)
9532490888,33.2092269,-97.1452609,2,crossing,POINT (-97.1452609 33.2092269)
9532532186,33.2093474,-97.1414989,2,crossing,POINT (-97.1414989 33.2093474)
9532532187,33.2092175,-97.1415013,2,crossing,POINT (-97.1415013 33.2092175)
9532532188,33.2092911,-97.1415944,2,crossing,POINT (-97.1415944 33.2092911)
9532532189,33.2092889,-97.1414378,2,crossing,POINT (-97.1414378 33.2092889)
9532532208,33.2093124,-97.1434388,2,,POINT (-97.1434388 33.2093124)
9532533135,33.2102887,-97.1414817,2,,POINT (-97.1414817 33.2102887)
9532533136,33.210382,-97.1416196,2,,POINT (-97.1416196 33.210382)
9532540519,33.2093226,-97.1444895,2,crossing,POINT (-97.1444895 33.2093226)
9532540520,33.2094251,-97.1443723,2,crossing,POINT (-97.1443723 33.2094251)
9532540521,33.2093218,-97.1442544,2,crossing,POINT (-97.1442544 33.2093218)
9532540522,33.2092222,-97.1443733,2,crossing,POINT (-97.1443733 33.2092222)
9532548563,33.210385,-97.1418388,2,,POINT (-97.1418388 33.210385)
9532548564,33.2103887,-97.142104,2,,POINT (-97.142104 33.2103887)
9532548565,33.2103926,-97.1423786,2,,POINT (-97.1423786 33.2103926)
9532564782,33.2115237,-97.1442411,2,crossing,POINT (-97.1442411 33.2115237)
9532608562,33.2082338,-97.1460582,2,crossing,POINT (-97.1460582 33.2082338)
9532608571,33.2083135,-97.1452774,2,crossing,POINT (-97.1452774 33.2083135)
9532608572,33.2082265,-97.1452248,2,crossing,POINT (-97.1452248 33.2082265)
9537303501,33.207063,-97.1415321,2,,POINT (-97.1415321 33.207063)
9539287294,33.2146032,-97.1528758,2,crossing,POINT (-97.1528758 33.2146032)
9539287299,33.2147467,-97.1536618,2,crossing,POINT (-97.1536618 33.2147467)
9540212029,33.2126053,-97.1528927,2,crossing,POINT (-97.1528927 33.2126053)
9540424006,33.2156197,-97.1484198,2,crossing,POINT (-97.1484198 33.2156197)
9540424008,33.2092888,-97.1402215,2,crossing,POINT (-97.1402215 33.2092888)
9540501664,33.2146605,-97.1483563,2,crossing,POINT (-97.1483563 33.2146605)
9540501665,33.2145939,-97.1484361,2,crossing,POINT (-97.1484361 33.2145939)
9540501669,33.2146603,-97.1485285,2,crossing,POINT (-97.1485285 33.2146603)
9540501670,33.2147304,-97.1484345,2,crossing,POINT (-97.1484345 33.2147304)
9545326164,33.2093874,-97.1538242,2,,POINT (-97.1538242 33.2093874)
9545357954,33.2093537,-97.1500453,2,,POINT (-97.1500453 33.2093537)
9546840640,33.2104655,-97.150769,2,,POINT (-97.150769 33.2104655)
9546840643,33.210626,-97.1506691,2,crossing,POINT (-97.1506691 33.210626)
9546840644,33.2106267,-97.150767,2,crossing,POINT (-97.150767 33.2106267)
9547025378,33.211661,-97.1528922,2,crossing,POINT (-97.1528922 33.211661)
9547025491,33.2115612,-97.1528438,2,crossing,POINT (-97.1528438 33.2115612)
9547025495,33.2115612,-97.1530798,2,crossing,POINT (-97.1530798 33.2115612)
9547025496,33.211561,-97.1533804,2,,POINT (-97.1533804 33.211561)
9547064585,33.2121053,-97.1507502,2,,POINT (-97.1507502 33.2121053)
9547159268,33.2123845,-97.1506461,2,,POINT (-97.1506461 33.2123845)
9547159286,33.2126882,-97.1534223,2,,POINT (-97.1534223 33.2126882)
9549816859,33.2067751,-97.1506388,2,crossing,POINT (-97.1506388 33.2067751)
9562931565,33.2064517,-97.1378911,2,crossing,POINT (-97.1378911 33.2064517)
9562931572,33.2063027,-97.133905,2,,POINT (-97.133905 33.2063027)
9562937144,33.2064698,-97.14153,2,crossing,POINT (-97.14153 33.2064698)
9562937171,33.2065582,-97.1414619,2,crossing,POINT (-97.1414619 33.2065582)
9562937203,33.2063637,-97.1365317,2,crossing,POINT (-97.1365317 33.2063637)
9562937204,33.2063656,-97.1366882,2,crossing,POINT (-97.1366882 33.2063656)
9562937206,33.20651,-97.1368473,2,crossing,POINT (-97.1368473 33.20651)
9562937207,33.2066287,-97.1365556,2,crossing,POINT (-97.1365556 33.2066287)
9562937208,33.2066212,-97.1367163,2,crossing,POINT (-97.1367163 33.2066212)
9562937211,33.2065096,-97.1364594,2,crossing,POINT (-97.1364594 33.2065096)
9562937241,33.207386,-97.1350295,2,,POINT (-97.1350295 33.207386)
9562937243,33.2065868,-97.135048,2,crossing,POINT (-97.135048 33.2065868)
9562937253,33.2066061,-97.1342191,2,crossing,POINT (-97.1342191 33.2066061)
9562937255,33.206501,-97.1341223,2,crossing,POINT (-97.1341223 33.206501)
9562937257,33.2065023,-97.1338232,2,crossing,POINT (-97.1338232 33.2065023)
9562937289,33.2065839,-97.1325452,2,crossing,POINT (-97.1325452 33.2065839)
9562937293,33.2064964,-97.1324258,2,crossing,POINT (-97.1324258 33.2064964)
9562937295,33.2064435,-97.1339045,2,crossing,POINT (-97.1339045 33.2064435)
9562937298,33.2064325,-97.1325483,2,crossing,POINT (-97.1325483 33.2064325)
9596987960,33.2063544,-97.1494278,2,,POINT (-97.1494278 33.2063544)
9596987961,33.2062927,-97.1485685,2,,POINT (-97.1485685 33.2062927)
9596987965,33.206741,-97.1490284,2,,POINT (-97.1490284 33.206741)
