osmid,grid_index,y,x
324764995,3030,41.7913493,12.4096968
356964111,3031,41.7902591,12.4151549
306729437,3032,41.7918575,12.4212383
2006276808,3033,41.7910578,12.4270806
322343974,3034,41.7907884,12.4335449
1416955385,3035,41.7907212,12.4383329
1839046208,3036,41.7917997,12.4457581
283310220,3037,41.7922531,12.4507192
2451167970,3038,41.7916026,12.4566391
1418405986,3039,41.7899923,12.4626768
280185289,3040,41.7909998,12.4681532
281896636,3041,41.7917356,12.4730724
2130170671,3042,41.7906583,12.4760905
1342065027,3043,41.7916501,12.4853767
2069963702,3044,41.7908602,12.4903507
1342065106,3045,41.7902506,12.4934159
281871631,3047,41.7913312,12.5088237
1770019343,3048,41.7901344,12.5127636
317854819,3049,41.7912873,12.5188263
317856015,3050,41.79129,12.5247137
3661027926,3051,41.791612,12.5299717
317850064,3052,41.790819,12.5360523
1357610273,3053,41.791263,12.5430295
6224930273,3054,41.7924426,12.5472558
262292946,3061,41.7903448,12.5898326
245938755,3062,41.7903761,12.5944436
1684572961,3130,41.7947141,12.4087317
11497294380,3132,41.7950524,12.4213015
356961650,3133,41.7966904,12.4278724
901747923,3134,41.795823,12.4324001
321845536,3135,41.7968715,12.4382364
6378816670,3136,41.7962774,12.4441242
305103598,3137,41.7962906,12.4514444
282408922,3138,41.7947198,12.4550343
279549103,3139,41.794305,12.4622322
280930284,3140,41.795088,12.4682465
2013975072,3141,41.7977387,12.4745068
1695328114,3142,41.7949905,12.4806573
1342065149,3143,41.795389,12.4847352
1342064950,3144,41.7953652,12.4888263
298923336,3145,41.7960291,12.4964982
252019158,3147,41.7943722,12.5077624
314381779,3148,41.7957373,12.5149045
314383232,3149,41.7947714,12.5208195
317851960,3150,41.794836,12.5259334
9269751896,3151,41.7957155,12.5286832
317849126,3152,41.7953856,12.5347683
1357610524,3154,41.7972121,12.5483111
262292948,3160,41.7949929,12.5845847
262292968,3161,41.7965972,12.5872946
570622987,3162,41.7946482,12.5914435
1676898017,3231,41.7994242,12.4166334
741561944,3232,41.7995305,12.4225074
902586627,3233,41.8000722,12.4281878
1554560746,3234,41.799883,12.4326958
901749237,3235,41.7997081,12.4379048
305102781,3236,41.7997561,12.4438968
2006588619,3237,41.8001333,12.4503087
38265808,3238,41.8008339,12.4544454
5336920281,3240,41.8016808,12.4676335
920270263,3241,41.8011635,12.4725115
1499853356,3242,41.8009877,12.4787818
4027363782,3243,41.8000839,12.4833606
920091809,3244,41.7999224,12.4907355
423795423,3245,41.8009763,12.4956162
920092201,3246,41.7995822,12.5005221
920190286,3247,41.8018148,12.50802
423796321,3248,41.8017184,12.5120825
303194401,3249,41.800917,12.5175881
303194606,3250,41.7999895,12.5236917
1357610742,3251,41.7985507,12.5299904
2203977700,3252,41.7995815,12.5376137
1357610936,3253,41.8004094,12.5420666
1357610922,3254,41.800227,12.5470198
1357610739,3255,41.7984579,12.5544795
310543538,3260,41.7997356,12.5845746
310550092,3261,41.7982499,12.5900518
305094240,3331,41.8042684,12.4182319
2064976037,3332,41.8048713,12.4222044
11509016079,3333,41.8044905,12.4270431
305100006,3334,41.8049866,12.4329979
2093870814,3335,41.8047531,12.4396968
2216431513,3336,41.8045973,12.4451673
2209136340,3337,41.8041754,12.4499243
314388061,3338,41.8052442,12.4554269
157436051,3340,41.8047169,12.4675431
309030726,3341,41.8065924,12.4723821
2366981079,3342,41.8050034,12.4775943
7141201012,3343,41.8049333,12.4842595
961868088,3345,41.8051062,12.4983335
1339496383,3346,41.804092,12.5026094
286413965,3347,41.8040854,12.5067487
920199802,3348,41.8037289,12.5128737
260981090,3349,41.8044475,12.5166863
1357611226,3351,41.8064297,12.5282545
248686261,3352,41.8025835,12.5361352
303196751,3353,41.8064073,12.5429402
2014595859,3355,41.8051323,12.551181
264485586,3359,41.8035619,12.5750285
2432301714,3360,41.8038916,12.5808017
315017562,3366,41.8047138,12.6173493
315017658,3367,41.8064012,12.6218127
288667600,3430,41.8089873,12.4104601
256926060,3431,41.8075811,12.4186438
192180672,3432,41.8091248,12.4221778
356969291,3433,41.8092583,12.4285823
305092914,3434,41.8085419,12.4322181
305098327,3435,41.8083286,12.4381645
314418194,3436,41.8085554,12.4446318
305100965,3437,41.8087811,12.4503088
400702217,3438,41.8085751,12.4574002
309031122,3439,41.8102902,12.4634042
309030999,3440,41.8086142,12.4649075
1127796958,3441,41.8085891,12.4730128
2043190351,3442,41.8087944,12.4798543
298920851,3443,41.8088226,12.4845318
6885187633,3446,41.8077932,12.5010182
920175592,3447,41.8088391,12.506098
303193823,3448,41.8094653,12.5147807
920203700,3449,41.8073926,12.5196021
920204194,3450,41.8092554,12.5247011
5474782847,3451,41.8088751,12.5301998
9458261866,3452,41.8087636,12.5383951
2014595867,3453,41.8094789,12.5427843
2011670400,3456,41.8093214,12.5572449
247224235,3458,41.8108594,12.5702935
902508816,3459,41.8097022,12.5760352
2094671684,3464,41.8096669,12.6058406
299115523,3465,41.8091246,12.611418
837592265,3466,41.8090479,12.6167565
315017741,3467,41.8084577,12.6215722
4599704540,3468,41.8090534,12.6273734
356955426,3532,41.8112186,12.4233313
1175956348,3533,41.8129394,12.4269342
4016691645,3534,41.8134936,12.4329229
4198816761,3535,41.812991,12.4400999
157482979,3536,41.8130439,12.4458354
305097059,3537,41.8140028,12.4504763
11262198820,3538,41.8140568,12.4577407
8293821680,3539,41.8138307,12.4607715
1340314518,3540,41.8133181,12.4672368
1832053169,3541,41.8131001,12.4733149
9714482545,3542,41.8134036,12.4793476
309028508,3543,41.8132852,12.4837799
298924989,3544,41.8125306,12.4893917
1555735482,3546,41.8131775,12.5038285
303197626,3547,41.8131908,12.507114
9937082444,3548,41.8128527,12.51417
920202131,3549,41.8124274,12.5177125
248686236,3550,41.8116712,12.5265121
1769740726,3551,41.8127413,12.5319013
256145488,3552,41.8120072,12.5363756
303196765,3553,41.8113952,12.5423156
1769709829,3554,41.8133064,12.5458021
256145496,3555,41.8121966,12.5522825
247227921,3558,41.8138722,12.5714706
243882090,3559,41.8119494,12.5754206
2268419559,3561,41.8147741,12.5871474
3108827266,3563,41.8122101,12.6005458
315016505,3564,41.813147,12.6045401
316715132,3565,41.8133526,12.6105737
299115528,3566,41.8135319,12.6165853
315018936,3567,41.8131223,12.6215002
4599704616,3568,41.8135075,12.627988
277730486,3634,41.8169281,12.4327341
324201291,3635,41.8169829,12.4385309
1340972009,3636,41.8175964,12.4443887
305096533,3637,41.8180844,12.4512696
398677807,3638,41.8172854,12.4544004
398822188,3639,41.8174996,12.4622917
1340314397,3640,41.8168277,12.467418
298919476,3641,41.8183334,12.4734782
422302128,3642,41.8175479,12.4788235
298925158,3643,41.8171193,12.4846287
449968272,3644,41.8179485,12.4896601
1555680590,3645,41.8176128,12.4934164
303199011,3647,41.8164321,12.507527
9937077601,3648,41.817382,12.5134212
423799551,3649,41.8178581,12.5192475
302977048,3650,41.81688,12.5223109
9458262188,3651,41.8193607,12.5290468
11203212714,3657,41.8176958,12.5639502
4688859224,3660,41.8161415,12.5847294
315016399,3661,41.8175593,12.5868202
9706581990,3662,41.816877,12.5947939
315016950,3663,41.8169808,12.5998248
6383899830,3664,41.8172384,12.6047549
6364491872,3665,41.8171715,12.610409
316700618,3666,41.8179361,12.6170483
313625748,3667,41.8178348,12.6219405
4599704621,3668,41.8176362,12.6278411
1418993181,3730,41.822169,12.4110561
949857636,3731,41.8221958,12.4160449
356948909,3734,41.8213421,12.4327678
2226635160,3735,41.8209041,12.4392578
356948357,3736,41.8218846,12.4449047
1340971825,3737,41.8219892,12.4500427
305095601,3738,41.8225963,12.4549563
305089175,3739,41.8226614,12.4606065
299118751,3740,41.8223015,12.4671505
1200136612,3741,41.822489,12.472246
6365150849,3742,41.8218676,12.478554
9739474422,3743,41.8217665,12.4845994
6377596943,3744,41.8219494,12.4901343
319944080,3745,41.8229149,12.495722
302980177,3746,41.8218687,12.5028326
302980073,3747,41.8221579,12.5078045
302976785,3748,41.8225026,12.5119543
3659580244,3749,41.8225016,12.5190197
4846520496,3751,41.8204462,12.5295055
2194163967,3752,41.8220093,12.5355065
4848417647,3756,41.8241724,12.5602494
471048566,3757,41.8218595,12.5654189
245936978,3759,41.8201939,12.5787931
315015328,3760,41.8220625,12.5814484
262479541,3761,41.8228922,12.5874412
1367747369,3764,41.8226429,12.6066291
316699725,3765,41.822382,12.6100065
313617722,3766,41.8221676,12.6154694
313625463,3767,41.8226396,12.6213669
313622633,3768,41.822617,12.6258194
307506237,3830,41.8253358,12.4120662
307488461,3831,41.8284965,12.4165085
356949795,3833,41.8274767,12.4286627
311075420,3836,41.8255484,12.4439577
305095509,3837,41.8255192,12.4517175
305088128,3838,41.8268601,12.4547294
305088323,3839,41.8268962,12.4607369
286718192,3840,41.8263729,12.4689209
252528349,3841,41.8267639,12.4728727
248681267,3842,41.8266002,12.4787573
2203011189,3843,41.8270629,12.4857174
246781223,3844,41.8265114,12.490439
2104894725,3845,41.8263608,12.495726
1109783428,3846,41.8265974,12.5013438
302980732,3847,41.8265951,12.507385
302976724,3848,41.8266852,12.5129574
3659578805,3849,41.8260469,12.5181342
302742109,3850,41.8257926,12.5260861
1109783437,3851,41.8259585,12.5294895
10285406711,3853,41.8284063,12.5394107
2627430713,3854,41.8281854,12.5474323
289942168,3856,41.8251534,12.5611693
7161216978,3857,41.8267336,12.5639872
7057283012,3859,41.8271658,12.576884
315015299,3860,41.8260693,12.5830551
2104879163,3861,41.8266244,12.586483
315015046,3862,41.8278411,12.5916223
315014785,3863,41.8258985,12.5976756
2177790691,3864,41.8275874,12.60383
313613365,3865,41.8263052,12.610949
313620247,3866,41.8258442,12.6150592
313621306,3867,41.8265736,12.6218277
313621096,3868,41.8269906,12.6262098
2525349351,3930,41.8318046,12.4104438
307462656,3932,41.8327346,12.4219303
1103628224,3934,41.8316751,12.4334448
307486276,3935,41.8316285,12.4382387
2175886818,3936,41.8304976,12.4438439
1235826685,3938,41.8313453,12.456174
305087435,3939,41.8313239,12.4625254
560185216,3940,41.8304454,12.4686847
304463193,3941,41.8310504,12.4733467
304451734,3942,41.8303835,12.4794405
304448457,3943,41.8297698,12.4843464
2368279871,3944,41.8319807,12.4915306
650386599,3945,41.8311092,12.4961357
302971460,3946,41.8320623,12.5035776
302970372,3947,41.8323842,12.5072317
1339459437,3948,41.831134,12.5139969
302742716,3949,41.8310348,12.5200024
6388504600,3950,41.8310844,12.5238757
302742288,3951,41.829409,12.5296209
302741871,3952,41.8322562,12.5340838
302744175,3953,41.8294538,12.5425994
302743900,3954,41.8304685,12.5448712
471055991,3955,41.8312223,12.5553215
302729596,3956,41.8305114,12.5595491
2103200970,3957,41.8310302,12.5645418
2204681179,3958,41.8301503,12.5694494
302718582,3959,41.8313922,12.5763729
1759495930,3960,41.8306769,12.5820202
315014783,3961,41.8312373,12.5863849
315014922,3962,41.8289809,12.592378
4690588363,3963,41.8310428,12.5988577
313610689,3964,41.8313279,12.6068487
313610479,3965,41.8311039,12.6108058
313609689,3966,41.8319433,12.6167153
312418247,3967,41.8311169,12.6225772
2338148919,3968,41.8305525,12.627479
307487674,4031,41.8346727,12.4161209
307463830,4032,41.8350711,12.4205929
1117826131,4033,41.8357262,12.4258526
9717665175,4034,41.8349923,12.4329709
306714374,4035,41.8357758,12.4366784
307485939,4036,41.8350431,12.4425664
262118540,4037,41.8351166,12.4486787
286993791,4038,41.8361031,12.457055
253786461,4039,41.835436,12.4609229
401948347,4040,41.8349955,12.4671851
1128049171,4041,41.8352,12.4735009
670352850,4042,41.8345928,12.4807332
257570651,4043,41.8363712,12.4870216
9401360784,4044,41.8352065,12.490213
1339459351,4045,41.8356316,12.4959414
5412225889,4046,41.83543,12.5022094
264275809,4047,41.8357791,12.5078018
302972315,4048,41.8357621,12.5130833
1701796253,4049,41.8358723,12.5179396
302741909,4050,41.8356043,12.5233533
302741877,4051,41.8358147,12.5301099
302741861,4052,41.8368421,12.5377154
264253410,4053,41.8343937,12.5404541
471051084,4055,41.835184,12.5523281
2075425068,4056,41.8354205,12.5589015
2174082784,4057,41.8346692,12.5646944
220918632,4058,41.8347859,12.5703001
302691367,4059,41.8346999,12.5759967
264489633,4060,41.8350715,12.5827894
302707438,4061,41.8349402,12.5883268
262477571,4062,41.8356239,12.5924047
312415045,4063,41.8351394,12.5992915
301494861,4064,41.8355157,12.6047252
312418081,4065,41.833584,12.6086807
4496531509,4066,41.834623,12.6169966
4496769791,4067,41.8363936,12.6215042
312418891,4068,41.8356898,12.6278418
9353480285,4131,41.8386903,12.4140101
307460141,4132,41.8398667,12.4221273
9717665186,4133,41.8404498,12.4253574
306713354,4134,41.8393779,12.4342492
306709093,4135,41.840132,12.4385401
306696907,4136,41.840769,12.4459983
3674518944,4137,41.8403488,12.4508597
262112133,4138,41.8401332,12.4560142
372779611,4139,41.8398323,12.4614023
305086366,4140,41.8390375,12.4667347
253708553,4141,41.8395634,12.4727698
304150474,4142,41.8399539,12.4778925
257571086,4143,41.8381275,12.484795
264267265,4144,41.8395636,12.489214
5758249973,4145,41.8400286,12.4962166
1731107032,4146,41.8403101,12.502686
303191893,4147,41.8394909,12.5073247
303192666,4148,41.8400098,12.5129516
248837198,4149,41.8394461,12.5180076
2117989830,4150,41.8385522,12.5261155
302741890,4152,41.8391642,12.5351203
302741639,4153,41.8395695,12.5413196
2176100558,4154,41.8398291,12.5468617
1540579911,4155,41.839459,12.5530011
2181449875,4156,41.8400993,12.5589651
1647941706,4157,41.840573,12.5624001
2104879165,4160,41.8394746,12.5821205
302716118,4161,41.8399478,12.5878917
302246107,4162,41.8396579,12.5929922
312409425,4163,41.8407514,12.5987403
312410276,4164,41.8392367,12.6052091
420545667,4165,41.8399091,12.6095761
300096829,4167,41.8402857,12.6230393
2132645460,4168,41.8390424,12.6261506
307465296,4230,41.8439758,12.4103668
264653668,4231,41.8447429,12.4169158
264652103,4232,41.8435928,12.4214338
368694034,4233,41.8449817,12.4269967
9717892135,4234,41.8442354,12.4326584
2027953258,4235,41.8449126,12.4386693
306526539,4236,41.843432,12.4447054
306696717,4237,41.843673,12.4515526
306694171,4238,41.8445533,12.4560887
2405012565,4239,41.84446,12.4613366
319981453,4240,41.8444862,12.4695501
357694342,4241,41.8462603,12.4729743
252993192,4242,41.8446068,12.4778903
257737432,4243,41.8441407,12.4851047
1591176059,4244,41.844298,12.4914723
573414341,4245,41.8427092,12.4948642
303190214,4247,41.8431505,12.5091987
303190873,4248,41.8433225,12.5140561
969074440,4253,41.8446838,12.5431089
302740036,4254,41.8437045,12.5474558
639358936,4255,41.8447224,12.5515482
261578625,4256,41.8435591,12.5595889
6934402970,4259,41.846113,12.5790174
192082722,4260,41.8451564,12.5806568
1617039340,4261,41.8441503,12.5878238
1343092577,4262,41.8442901,12.5936366
312407643,4263,41.8440258,12.5993099
300123421,4264,41.8436138,12.6043609
301495140,4265,41.8443021,12.611085
300087287,4266,41.8447843,12.6186937
309993247,4267,41.8441066,12.6232261
1914674026,4268,41.8452267,12.6270726
264647222,4330,41.8472415,12.4108223
2192606596,4331,41.8486642,12.4168867
307454522,4332,41.8483688,12.4217305
306710335,4333,41.8476136,12.4271917
2013975153,4334,41.8493392,12.4328577
306704296,4335,41.8487689,12.438687
2101305294,4336,41.8488482,12.4443509
9530157752,4337,41.8487392,12.4495312
1920229351,4338,41.8490461,12.4555465
306687981,4339,41.8485527,12.4612589
306683328,4340,41.8489127,12.4683223
319982233,4341,41.8486456,12.4741659
304152094,4342,41.8487825,12.4790554
259661319,4343,41.8478804,12.4840872
570809586,4344,41.8486067,12.4903216
1320268097,4345,41.8500681,12.4938096
302967444,4348,41.8487337,12.5154902
1701786900,4349,41.8472077,12.519294
2192606597,4350,41.8492002,12.5256392
1774818050,4351,41.8471865,12.5301057
1774818342,4352,41.8481901,12.5335507
445638430,4354,41.8484449,12.5463416
302741487,4355,41.8486958,12.5506824
1070521188,4356,41.8498017,12.5615644
302230233,4357,41.8487312,12.5644967
11034401968,4358,41.8500391,12.5700618
220918886,4359,41.8485377,12.5756992
1617101407,4360,41.8482662,12.5822375
302150770,4361,41.8501199,12.5866232
7469463562,4362,41.848869,12.5924255
8269511957,4363,41.8485153,12.5977108
695170560,4364,41.8482556,12.6040502
309993851,4365,41.8488468,12.6109412
1252308329,4366,41.8485467,12.6161237
1252308358,4367,41.8486112,12.622433
309992570,4368,41.8487575,12.6278482
365415217,4431,41.853375,12.4158655
1648361652,4432,41.8527023,12.4215696
307517994,4433,41.8528839,12.42551
307514175,4434,41.8526883,12.4326932
2175580742,4435,41.8524548,12.4388302
306700470,4436,41.8529673,12.4435887
306522733,4437,41.8531091,12.4496219
5368981027,4438,41.8529525,12.4557112
306685829,4439,41.8522871,12.4592012
1514643864,4440,41.8526033,12.467613
256817107,4441,41.8531465,12.4727584
1694592950,4442,41.8530134,12.478913
7437523832,4443,41.8520799,12.4848678
254299858,4444,41.8525613,12.4910778
270315163,4445,41.8528224,12.4955098
303164473,4446,41.8534546,12.5012328
294733108,4447,41.853837,12.5077555
1957457136,4448,41.8533571,12.5133058
252049714,4449,41.8546853,12.5177432
2426829888,4450,41.8522592,12.5267191
445562902,4452,41.8538164,12.5346715
445616630,4453,41.8540801,12.5428807
260218176,4454,41.8541111,12.5497268
261622902,4455,41.8546799,12.5528758
385018537,4456,41.8529046,12.5586088
307559722,4457,41.8526699,12.5640219
330073272,4458,41.8527312,12.5703109
8898655497,4459,41.8533893,12.5750886
899261181,4460,41.8531076,12.5814015
302147048,4461,41.8526444,12.5881843
302154110,4462,41.8530941,12.5930405
245917027,4463,41.8527874,12.5987465
915085770,4464,41.8528542,12.6072754
696694144,4465,41.8531202,12.6102686
309992182,4466,41.8529866,12.6184337
494539875,4468,41.8527856,12.626642
9707758315,4530,41.8575406,12.4114931
9707758305,4531,41.8569983,12.4162929
307533253,4532,41.8578053,12.422117
6369398035,4533,41.8565834,12.4268836
262115688,4534,41.8569825,12.4351937
306048998,4535,41.8574217,12.4391016
247845821,4536,41.8573068,12.4444426
306490804,4537,41.8575008,12.4505791
306501366,4538,41.8575141,12.4568667
253705358,4539,41.8583611,12.4605873
1178238662,4540,41.856796,12.4657662
1119847027,4541,41.8573113,12.4725779
1822361799,4542,41.8567796,12.4787576
257713964,4543,41.8572567,12.4848945
266792518,4544,41.8575139,12.490812
276556629,4545,41.8574309,12.4965916
5711424129,4546,41.8573695,12.5013212
303165311,4547,41.8562295,12.5073623
252049733,4548,41.8585636,12.5133945
252049722,4549,41.8577631,12.5182366
302197393,4552,41.8572136,12.5368115
302194475,4553,41.8578069,12.5421557
302224029,4554,41.8579648,12.5490897
302222701,4555,41.8571403,12.5534328
302233380,4556,41.8570385,12.5592308
302161459,4557,41.857636,12.5637744
302166788,4558,41.8574698,12.5707239
302147679,4559,41.8562992,12.5756313
899233076,4560,41.8570271,12.5818655
2346756810,4561,41.8559498,12.5869234
8470126482,4562,41.8572765,12.5930361
11061387611,4563,41.8571164,12.599226
5811925420,4564,41.8578861,12.6048395
309991299,4565,41.8585155,12.6096778
9698608665,4566,41.8572799,12.6166217
309793391,4567,41.8565904,12.6212769
300104751,4568,41.8567992,12.6263983
6388476548,4630,41.862071,12.4110479
6378187381,4631,41.860558,12.4184083
307534637,4632,41.8623239,12.4206949
3686277648,4633,41.8624751,12.4275994
4402669064,4634,41.8619268,12.4333604
306049033,4635,41.8614575,12.4382091
376699833,4636,41.8621319,12.4454522
376663851,4637,41.8631221,12.4511833
247846731,4638,41.8620528,12.4560797
250905674,4639,41.8613007,12.4628462
306294739,4640,41.8618656,12.4675344
306048574,4641,41.8617517,12.4725668
10091745930,4642,41.8620155,12.4788463
252531365,4643,41.8615609,12.4836663
254297663,4644,41.8618719,12.4902112
267110209,4645,41.8628837,12.4960308
294749371,4646,41.861656,12.5014566
294749383,4647,41.8617881,12.5050563
7264894305,4651,41.8611968,12.5321006
302198088,4652,41.8610075,12.5338619
2177494940,4653,41.8628659,12.5418666
302216733,4654,41.8618474,12.5474625
301690990,4655,41.8620516,12.5529513
5640650580,4656,41.8619809,12.5589842
343847836,4657,41.8615544,12.5647034
9707863675,4658,41.8619335,12.5706808
888531321,4659,41.8615089,12.5756133
302131870,4660,41.8616722,12.5822485
1177607773,4661,41.8618294,12.58735
302025213,4662,41.8624465,12.5937456
1323500470,4663,41.8623484,12.5987956
1750122115,4664,41.8623021,12.6046461
309990847,4665,41.8620457,12.6102667
6392884558,4666,41.8623617,12.6162488
300105405,4667,41.8613244,12.621399
308682379,4668,41.861589,12.6275715
1363485762,4730,41.8659857,12.4098729
5356795102,4731,41.8671449,12.4157521
2192308503,4732,41.8664627,12.4221209
307534887,4733,41.8652999,12.4253507
4402669058,4734,41.8658074,12.4331386
2222356619,4735,41.865819,12.4383566
6383930015,4736,41.8659917,12.4439197
376676462,4737,41.8663709,12.4501137
306506517,4738,41.8643859,12.4569558
247845899,4739,41.8661052,12.4609995
306297731,4740,41.8660954,12.4670258
880163593,4741,41.8662363,12.4722842
414120454,4742,41.8658919,12.4789596
256821967,4743,41.8659019,12.4844081
254525435,4744,41.8665657,12.4901712
412043864,4745,41.8662296,12.4961744
294767098,4746,41.8656997,12.5018017
255021600,4747,41.8655945,12.5089214
259672719,4749,41.8674153,12.5203125
302209579,4750,41.8672982,12.5257335
299617912,4751,41.866398,12.5306653
302187868,4752,41.8664708,12.5349821
2472283179,4753,41.8659989,12.5417721
299620414,4754,41.8661476,12.5467011
1757474604,4755,41.8664305,12.5529915
302170928,4756,41.8644999,12.5575831
220869832,4757,41.8658936,12.5675004
302126729,4758,41.8673167,12.569525
302129959,4759,41.8666322,12.5758563
1502748678,4760,41.8664837,12.5813017
302133946,4761,41.8673249,12.5868994
302134386,4762,41.8664579,12.5925885
9706717983,4763,41.8662537,12.5987074
2273430390,4764,41.8662052,12.603853
5763224662,4765,41.8649443,12.6101767
302019847,4766,41.8662747,12.6178743
308696869,4767,41.8660907,12.6215078
309016430,4768,41.8666194,12.6278951
300373676,4830,41.8705899,12.4094125
307537743,4831,41.8695577,12.4166258
307536440,4832,41.8703536,12.4203617
415667835,4835,41.8708335,12.4391716
306513033,4836,41.8708358,12.4444974
305865005,4837,41.8706353,12.4504014
306048322,4838,41.8709439,12.4569404
1184974094,4839,41.8704757,12.4617257
756155938,4840,41.8708319,12.4673272
9906265032,4841,41.8712999,12.4731205
267116745,4842,41.8706733,12.4794027
130216698,4843,41.8700867,12.4845276
130221075,4844,41.8706309,12.489133
251895413,4845,41.8710647,12.4962046
276553181,4846,41.8698803,12.5020824
7264894308,4847,41.8728139,12.508186
270194676,4848,41.8705093,12.5134759
294042019,4849,41.8709717,12.5190863
302209300,4850,41.870325,12.5254361
302180935,4851,41.8705672,12.5304557
413484796,4852,41.8703837,12.5361496
261629476,4853,41.8710795,12.5398057
301689098,4854,41.87004,12.547075
8310982480,4858,41.8706274,12.571014
8426962794,4859,41.8701968,12.5755702
301493747,4860,41.8704545,12.5816931
301651852,4861,41.8703029,12.5880519
301653891,4862,41.8705618,12.5937244
301658176,4863,41.8705733,12.5984827
1150135749,4864,41.870645,12.6030876
919555559,4865,41.8712272,12.6118657
4231952986,4866,41.870342,12.6158296
2516643930,4867,41.8711185,12.6223445
308690146,4868,41.8702388,12.6272744
300371373,4930,41.8737363,12.4114105
2018043586,4931,41.8748206,12.4157341
307543926,4932,41.8753531,12.4212864
1701678102,4933,41.8751263,12.4268027
415662375,4934,41.8738621,12.432436
306049327,4935,41.8745609,12.4401918
306048871,4936,41.8746658,12.4444594
260713117,4937,41.875134,12.4502786
195340559,4938,41.8746507,12.4553877
305869072,4939,41.8751915,12.461848
305859615,4940,41.8750522,12.4672024
251791967,4941,41.8754686,12.4741579
267116713,4942,41.8752841,12.4789412
302960065,4943,41.8755665,12.4856584
251897285,4944,41.8746863,12.490582
254314456,4945,41.8750617,12.4962107
252049763,4946,41.8751312,12.5031288
246114500,4947,41.875486,12.5075147
258251334,4948,41.8749893,12.5131057
5780451112,4949,41.8752131,12.5191328
302178162,4950,41.8747335,12.5246654
301674720,4951,41.8756212,12.5301517
301681652,4952,41.8748093,12.5352029
301688640,4953,41.8752089,12.5421304
301688103,4954,41.8757061,12.5474236
301028195,4955,41.876415,12.5543936
417683258,4956,41.8753402,12.5594716
301034160,4957,41.8751468,12.5647505
301034447,4958,41.8750866,12.5703044
301491230,4959,41.8748812,12.5765126
301491034,4960,41.874629,12.582254
634165285,4961,41.8743385,12.5869971
301651510,4962,41.874437,12.5936292
1432207342,4963,41.8752622,12.5988374
8427005726,4964,41.8744371,12.6039362
308680126,4965,41.8728757,12.6124742
308679529,4966,41.8754365,12.6161115
308678582,4967,41.8756835,12.6208044
308709594,4968,41.874553,12.628372
300380534,5031,41.8792633,12.4165396
307545891,5032,41.8801687,12.4216126
260561420,5033,41.8800538,12.4265945
300383531,5034,41.878045,12.4341221
833754791,5035,41.8802413,12.4373217
262066114,5036,41.8792196,12.4443198
1682317776,5037,41.8798925,12.4494988
301595369,5038,41.8801701,12.4558485
305868924,5039,41.8791692,12.4616926
305848872,5040,41.8796397,12.4670067
251784715,5041,41.8792122,12.473336
251786566,5042,41.879163,12.47871
100993421,5043,41.8799722,12.4847013
101142296,5044,41.879196,12.4898278
878626078,5045,41.8795721,12.4959481
551804270,5046,41.8796124,12.5018979
267944269,5047,41.8797481,12.5069772
303198287,5048,41.8791782,12.5129896
469543602,5049,41.8797138,12.519092
301668972,5050,41.8791539,12.5253896
301669438,5051,41.8791317,12.5300851
301683831,5052,41.8796742,12.5363037
301684333,5053,41.8792017,12.5420091
1919380167,5054,41.8789475,12.547372
301028293,5055,41.8781247,12.5546708
251876600,5056,41.8790752,12.5592899
301034524,5057,41.8796303,12.5650152
1569272008,5058,41.8795243,12.5703746
301490505,5059,41.8788343,12.5765577
2008704588,5060,41.8794171,12.5819362
2181449900,5061,41.8775616,12.5851662
634165368,5062,41.8812618,12.5917433
2192443924,5064,41.8777152,12.6070577
3558115704,5065,41.8795304,12.6096198
308677557,5066,41.8795112,12.6163978
296268250,5067,41.8788626,12.622967
2219752488,5068,41.8799955,12.626903
307547114,5131,41.8837661,12.4167942
307546501,5132,41.8843284,12.421775
2018043611,5133,41.8840435,12.4265046
428770653,5134,41.8842192,12.4303492
301594949,5138,41.8836545,12.4558519
305868773,5139,41.8839408,12.4608433
305315312,5140,41.8836122,12.4664769
1001095706,5141,41.8842797,12.4735787
1191074035,5142,41.8834354,12.4791508
266773774,5143,41.8833623,12.4850148
101142266,5144,41.8839269,12.4901377
246251786,5145,41.882967,12.4971755
246258499,5146,41.8841465,12.5007742
2188993406,5147,41.8840797,12.5073607
2068205076,5148,41.8836978,12.5129171
828145429,5149,41.8837123,12.5185814
246127037,5150,41.8839699,12.5243352
1142908063,5151,41.8842225,12.5309853
245551223,5152,41.8842943,12.5367168
301017220,5153,41.8839335,12.5417231
1893283403,5154,41.884604,12.5489207
418056534,5155,41.8837875,12.5532458
417979568,5156,41.8835336,12.5587807
415582390,5157,41.884184,12.5642343
298556207,5158,41.8839353,12.570911
2023496083,5159,41.8830994,12.5763263
1791438104,5160,41.8852378,12.5811945
301691568,5161,41.8837712,12.5889762
301492035,5162,41.8837764,12.5933844
3558100483,5164,41.8841015,12.6045815
262481533,5165,41.8829605,12.6106775
308622093,5166,41.8835163,12.6159747
308711538,5167,41.8837728,12.6239125
308711536,5168,41.8827222,12.6285001
307556843,5230,41.8893806,12.4103604
1106291843,5232,41.8882116,12.4215386
2328181474,5233,41.890156,12.4297094
377033817,5234,41.8901482,12.434804
38363189,5235,41.8878938,12.4404613
307877870,5236,41.8891722,12.4428776
278940403,5238,41.8875573,12.4584527
260717153,5239,41.8884074,12.4617767
257349966,5240,41.8880332,12.4675706
247334645,5241,41.8886212,12.4730132
305313562,5242,41.8884092,12.4784277
32650405,5243,41.8881857,12.4832606
269271632,5244,41.8864422,12.4906341
101007862,5245,41.8880152,12.4963225
2069702599,5246,41.8892045,12.5020037
246118759,5247,41.8880976,12.5079049
246247188,5248,41.8883672,12.513333
330362153,5249,41.888221,12.5187596
245551397,5250,41.8892795,12.5248084
245551748,5251,41.8879505,12.5307043
301015758,5252,41.8883678,12.5365897
2112420548,5253,41.8879038,12.5412508
301028832,5254,41.8876494,12.5485973
301026602,5255,41.8888057,12.5539735
1909698210,5256,41.8877475,12.5592626
301033699,5257,41.8885039,12.5653618
301478058,5258,41.8881939,12.5710721
301489633,5259,41.8881741,12.5759496
2066359177,5260,41.8886557,12.5799836
428474922,5261,41.8880638,12.5876415
6373758288,5262,41.8876549,12.5906845
3780597902,5263,41.8896856,12.6000143
5144646909,5264,41.8869884,12.6039211
302017810,5265,41.8874678,12.6117325
1783329680,5266,41.8881669,12.6161047
919555577,5267,41.8880308,12.6210885
308401859,5268,41.8899289,12.6303841
332010824,5330,41.8930716,12.410462
308084228,5331,41.8920591,12.41649
307560039,5332,41.89232,12.4221048
32630095,5333,41.8908144,12.4266952
376312211,5334,41.8938819,12.4326926
262050809,5335,41.8926209,12.4378196
32630104,5336,41.8922686,12.4433114
307884260,5337,41.8934676,12.4499097
122548664,5338,41.894628,12.4574904
378335609,5339,41.8920137,12.4605328
247289566,5340,41.8927475,12.467322
658678497,5341,41.8929003,12.4731757
299808832,5342,41.8935085,12.4791653
1355115141,5343,41.8915902,12.4845521
1538138815,5344,41.8924657,12.4903029
255250283,5345,41.8933124,12.4945264
255259845,5346,41.8926537,12.5015563
252712468,5347,41.8926624,12.5076993
26619072,5348,41.8928151,12.5132546
346452350,5349,41.8919487,12.5204748
2191821916,5350,41.8916344,12.525937
356917567,5351,41.8926563,12.5302926
1141524148,5352,41.892505,12.5360907
332012026,5353,41.8927982,12.5417354
1179019640,5354,41.8928219,12.5472163
301026337,5355,41.8914511,12.5525268
2092893350,5356,41.8923658,12.5590579
301486828,5357,41.8925947,12.5648262
301478163,5358,41.8919863,12.5706904
301489291,5359,41.8928996,12.5760613
3558100695,5360,41.8931016,12.5815012
497369056,5361,41.8925642,12.5871539
302022013,5362,41.8917162,12.5935407
295729577,5363,41.8936124,12.5990691
3558100577,5364,41.8929958,12.6040994
2194878538,5365,41.8934369,12.6107071
219575219,5366,41.8932546,12.6161878
219557208,5367,41.8928166,12.6242588
308397850,5368,41.8926541,12.6274419
305207525,5430,41.8965614,12.4096514
308086348,5431,41.8965503,12.4160881
1217743455,5432,41.8967479,12.4204124
375703348,5433,41.8972344,12.4284035
3178411662,5434,41.8974403,12.4340228
224898329,5435,41.8970844,12.4374196
307879458,5436,41.8964666,12.4441186
122553833,5437,41.8969267,12.4509725
417894899,5438,41.8971998,12.4553766
1000879106,5439,41.8977276,12.4613226
756884998,5440,41.896896,12.4675424
25388195,5441,41.8971861,12.4727063
279143970,5442,41.8977128,12.4797629
256575406,5443,41.8972325,12.4850271
1107500029,5444,41.8975718,12.4903397
25418922,5445,41.8973743,12.4960073
122571141,5446,41.8973189,12.5012328
1141992613,5447,41.8970178,12.506161
257362156,5448,41.8971343,12.5133954
255276200,5449,41.8969176,12.5183347
304557337,5450,41.8975543,12.5246996
208740804,5451,41.8964792,12.5313021
295778778,5452,41.8969231,12.5360177
1701795590,5453,41.8978773,12.5422016
301633627,5454,41.897419,12.5467469
1150793199,5455,41.8966189,12.5529068
6373434447,5456,41.8973957,12.5592067
866756078,5457,41.8970384,12.5642682
2498922462,5458,41.8970685,12.5704406
900523401,5459,41.8972469,12.5761845
260978754,5460,41.8972368,12.5806174
1166475011,5461,41.8971918,12.587602
302011079,5462,41.8980769,12.5925496
296265728,5464,41.8990508,12.6051622
5435627070,5465,41.8972122,12.6105693
245919720,5466,41.8975292,12.6153704
4358748510,5467,41.8967554,12.6226447
4280949053,5468,41.8971123,12.6273142
305208029,5530,41.9016863,12.4100021
305207537,5531,41.9016829,12.4154134
305225201,5532,41.9015797,12.4221361
307864612,5533,41.9013847,12.4271785
308100506,5534,41.9022705,12.4324365
305340008,5535,41.9012721,12.4385728
224898178,5536,41.901193,12.4453551
32630156,5537,41.9004799,12.4507201
122546577,5538,41.9002591,12.4565969
250555316,5539,41.9015339,12.4615089
1125488254,5540,41.9011943,12.467655
330869907,5541,41.9010749,12.4733328
309280912,5542,41.9021794,12.4792778
281045225,5543,41.9023863,12.4861439
253874144,5544,41.9019686,12.4907386
25418882,5545,41.902029,12.4952304
258995597,5546,41.9019919,12.502976
25643610,5547,41.9010124,12.5079782
9657623427,5548,41.90097,12.5127007
276549493,5549,41.9016805,12.5188919
101181731,5551,41.9014508,12.5304507
295788192,5552,41.9015126,12.5365263
259344438,5553,41.9010014,12.541857
6111401257,5554,41.9012586,12.5474921
247702270,5555,41.9019225,12.5525601
245449974,5556,41.9020347,12.557763
301644174,5557,41.9008929,12.5645539
2427012503,5558,41.9016655,12.5704662
260976593,5559,41.9013582,12.5754638
260978745,5560,41.9032273,12.5818456
297136177,5561,41.90228,12.5877476
5147590661,5562,41.9015521,12.5938232
5435278335,5563,41.9024081,12.5992446
296266193,5564,41.9006542,12.6039685
296265360,5565,41.9007734,12.6109075
10907594893,5566,41.9017691,12.6155039
4358748512,5568,41.8997447,12.6253872
6386568877,5630,41.9057786,12.4106057
324659461,5631,41.9062201,12.4151562
303323671,5632,41.9057237,12.4212008
305337193,5633,41.9052311,12.4267037
308102353,5634,41.9061496,12.4352636
308101862,5635,41.905555,12.4373556
294024818,5636,41.9059366,12.4444198
307881309,5637,41.906967,12.4495231
1272255767,5638,41.9062557,12.4562423
246677429,5639,41.9059068,12.4612455
153591793,5640,41.9062153,12.4668764
294022371,5641,41.9058054,12.472868
293806533,5642,41.9067303,12.4789254
2026317934,5643,41.9057978,12.4837436
415368299,5644,41.9059648,12.490811
1150894127,5645,41.9056254,12.4960153
270323994,5646,41.9055951,12.5020383
503717915,5647,41.9051997,12.5059527
8976321388,5648,41.90556,12.515592
1372594193,5649,41.9068861,12.5175685
2071971266,5650,41.9067562,12.5231549
1723799032,5651,41.9061549,12.5324484
295722453,5652,41.9060871,12.5369547
2209136666,5653,41.9060879,12.5427063
259445287,5654,41.9064355,12.5467987
907905624,5655,41.9056958,12.5532624
7439779505,5656,41.9061276,12.5589031
335605531,5657,41.9071119,12.564315
1179034850,5658,41.9061403,12.5716396
296260167,5659,41.9078145,12.5761751
10907648727,5660,41.9056804,12.5817535
2225831502,5661,41.9061783,12.5868793
1166474743,5662,41.9056028,12.5935061
6364897510,5663,41.9057943,12.5983716
260978456,5664,41.9048421,12.605333
1701555379,5665,41.9059824,12.6106037
2066623192,5666,41.9067652,12.6151821
308396013,5668,41.90792,12.6270784
305205155,5730,41.9104302,12.4097714
1387919641,5731,41.9104644,12.4154371
303319017,5732,41.9103633,12.4211555
38362908,5733,41.9094176,12.4248119
299856273,5734,41.9099917,12.4338001
11420006629,5735,41.9105605,12.4388651
294025679,5736,41.910036,12.444815
153531448,5737,41.9102825,12.4505404
687588779,5738,41.910789,12.4558496
614603842,5739,41.9103942,12.461586
153260603,5740,41.9099914,12.4669618
1716354044,5741,41.9105386,12.4732549
303982531,5742,41.9107578,12.4795038
259320674,5743,41.9090831,12.4866906
309309089,5744,41.9098988,12.4903299
255680546,5745,41.9106491,12.496173
413740989,5746,41.9099502,12.5021029
292461224,5747,41.9108981,12.5072487
280135555,5748,41.9104342,12.5131955
2188993409,5749,41.9104565,12.5188469
2011253624,5750,41.9098871,12.5243016
10116071472,5751,41.9105681,12.5294384
9631122149,5752,41.9100706,12.5364157
259345769,5753,41.9103709,12.5422265
2069951816,5754,41.9099556,12.5477296
295718047,5755,41.9107515,12.5532561
2192606647,5756,41.9123036,12.5582303
335606119,5757,41.9106712,12.565158
3409417905,5758,41.9104733,12.5710305
1933930279,5759,41.9106677,12.5761501
2677125748,5760,41.910428,12.5815821
260979851,5761,41.9102239,12.5881318
270483333,5762,41.9092755,12.5924437
3665242968,5763,41.9107904,12.5996356
302015230,5764,41.9103473,12.6052751
1738180350,5765,41.9106585,12.6112668
296249455,5766,41.9100299,12.6163561
1617189480,5767,41.9115617,12.6229899
299782046,5830,41.9142893,12.409969
299519816,5831,41.9143785,12.4166093
303313469,5832,41.914193,12.4218499
663243627,5833,41.915,12.4271717
299847031,5834,41.9145072,12.4347726
299854273,5835,41.9144757,12.4379904
1307042356,5836,41.9155078,12.4444096
745990097,5837,41.9148447,12.4500823
130726985,5838,41.9147198,12.4563151
2294013266,5839,41.9151129,12.4615482
224549535,5840,41.914852,12.4668699
277975679,5841,41.9147866,12.4727746
6124731530,5842,41.9162674,12.4788637
2141792923,5843,41.9154425,12.4840549
257491290,5844,41.9167991,12.4919208
261733181,5845,41.9150192,12.4957889
907703594,5846,41.914337,12.5016226
386683333,5847,41.9150708,12.50753
2268323910,5848,41.9146551,12.5136919
292457417,5849,41.9145321,12.5186279
2101305295,5850,41.9147811,12.5251956
1596514030,5851,41.9151732,12.5300809
3465554007,5852,41.914843,12.5374083
1617125313,5853,41.9143643,12.541725
1927795782,5854,41.9149291,12.5481086
295228532,5855,41.9147232,12.5533068
1570889255,5856,41.9150344,12.5585547
295524293,5857,41.9146929,12.5642956
260975132,5858,41.9147862,12.5701187
908096518,5859,41.9148678,12.5761965
1568429266,5860,41.9145711,12.5814721
270476427,5861,41.912912,12.5870952
270483275,5862,41.9146843,12.593657
2177688402,5863,41.9159605,12.5987991
841809102,5864,41.9146278,12.6041048
296262227,5865,41.9155601,12.6105795
296262179,5866,41.9159697,12.6145076
1137469031,5867,41.915632,12.6210822
299771798,5930,41.9185741,12.4097327
299520038,5931,41.9194211,12.4165226
303313460,5932,41.9186674,12.4215087
299853584,5934,41.9191202,12.4346883
299846707,5935,41.9188889,12.4384643
1165768468,5936,41.9193607,12.4443197
731206799,5937,41.9202247,12.4491873
2766876717,5938,41.9194397,12.4551811
1046022637,5939,41.9193001,12.4615345
224549736,5940,41.919375,12.4670247
297721619,5941,41.9191932,12.4727719
259285913,5942,41.9195093,12.4789361
2026732006,5943,41.9192786,12.4844753
280135454,5944,41.9189911,12.4902086
255398855,5945,41.9189768,12.4958989
261726344,5946,41.9192164,12.5017857
1263552240,5947,41.9192916,12.5076957
1333380151,5948,41.9190855,12.5132875
294044648,5949,41.9189824,12.5183454
292451604,5950,41.9193193,12.5243543
2196671660,5951,41.919008,12.5316076
2311545318,5952,41.9192882,12.5358844
3134183291,5953,41.9188361,12.5421057
295214514,5954,41.919012,12.5476549
295228157,5955,41.9188163,12.5534492
1163140257,5956,41.9193862,12.5590182
247877800,5957,41.9191027,12.5649627
1701776266,5958,41.9196189,12.569406
2457210405,5959,41.9184697,12.5743265
260979873,5961,41.9192206,12.5893263
361143819,5962,41.9194189,12.5930313
356732726,5963,41.9191848,12.6004095
296264358,5964,41.919081,12.6047421
296263321,5965,41.9189261,12.6108347
1100722612,5966,41.9192735,12.6154531
294151927,6030,41.9234501,12.4095404
299516627,6031,41.9239337,12.4148403
303307536,6032,41.9234203,12.4223485
303300876,6033,41.9245792,12.4278568
299837624,6034,41.9254139,12.4351216
2180626261,6035,41.9233459,12.4389522
299843740,6036,41.9240996,12.4449636
428644888,6037,41.9234463,12.4519664
297935387,6038,41.9244841,12.4565735
324635356,6039,41.9226559,12.4618161
295407484,6040,41.9232255,12.4682916
890002550,6041,41.9233248,12.4719941
259302004,6042,41.9233085,12.4791956
259292651,6043,41.923754,12.4849477
413502158,6044,41.9233368,12.4900138
294008018,6045,41.9236176,12.4961549
308545741,6046,41.9229921,12.5021578
259041975,6047,41.9236086,12.5072965
1114961339,6048,41.9232791,12.5130411
2114868559,6049,41.9232346,12.5197189
1701788129,6050,41.9233762,12.5247424
291623769,6051,41.9238588,12.5316813
295211452,6052,41.9231573,12.5373575
297098757,6053,41.9239331,12.5417033
250723191,6054,41.9233894,12.5465985
2333151115,6055,41.9233141,12.553212
1163140403,6056,41.9231944,12.5567421
278560667,6057,41.9232136,12.5648489
247877818,6058,41.9240729,12.5699762
297112799,6059,41.923343,12.5761995
356729757,6060,41.9229847,12.5817874
361143821,6061,41.9242536,12.5879875
356730067,6062,41.9214862,12.5919705
6385266474,6064,41.922236,12.6055107
4563443444,6065,41.922948,12.6096708
1100722699,6066,41.9219734,12.6158465
1291605703,6067,41.9235366,12.6211685
3115758091,6068,41.9231952,12.6287829
610175820,6130,41.928718,12.4101347
294146539,6131,41.9279027,12.4164109
292461612,6132,41.9276092,12.4218429
325018453,6133,41.9282533,12.4268682
1947476125,6134,41.9280948,12.4342991
1447423222,6135,41.9285186,12.4395468
5229637852,6136,41.928274,12.4450982
259649309,6137,41.92896,12.4526834
5353569027,6138,41.9287843,12.4566699
297716262,6139,41.9279186,12.4622044
2435214591,6140,41.928103,12.4672085
256245557,6141,41.9280696,12.4733503
259289245,6142,41.9286389,12.4788184
6386547759,6143,41.9283526,12.4848526
259608173,6144,41.9279116,12.4903813
259609173,6145,41.9293152,12.495132
334173283,6147,41.9283833,12.5072731
334052363,6148,41.928481,12.5137131
309560540,6149,41.9283111,12.5198244
913380462,6150,41.9276646,12.5243839
1163140384,6151,41.9268648,12.5293998
2196671695,6152,41.9268451,12.536921
1918456811,6153,41.9288776,12.5439974
295219451,6154,41.9292645,12.5455001
295219258,6155,41.9264945,12.5543045
297106882,6156,41.9286657,12.5598718
247863925,6157,41.9278526,12.5647358
297110365,6158,41.9278236,12.5703456
247877393,6159,41.928494,12.5763551
1701728123,6160,41.9285895,12.583382
260979878,6161,41.9274537,12.5871666
1701800084,6162,41.9287511,12.5939335
2348526694,6163,41.9281945,12.5990313
1143488660,6164,41.9276543,12.6039348
2344222947,6165,41.9290189,12.6096493
310724073,6166,41.9299749,12.6161785
1701741080,6167,41.9272624,12.6207248
310724128,6168,41.9282118,12.6287531
5485059135,6230,41.9313119,12.4093919
294449129,6231,41.932554,12.4152803
294455188,6232,41.9322486,12.421495
325017677,6233,41.9317677,12.4266159
355986986,6234,41.9328479,12.433416
383971456,6235,41.9340032,12.4397889
291572968,6236,41.9323468,12.4444895
297935049,6237,41.9334138,12.4522459
3456421410,6238,41.9317219,12.4557565
410738393,6239,41.9325283,12.4603291
6267873456,6240,41.9323096,12.4675072
297983338,6241,41.9326949,12.4732336
299813564,6242,41.9327952,12.4780594
308792972,6243,41.9314238,12.4845154
259612408,6244,41.9324576,12.4895748
2065273374,6245,41.9324396,12.4951555
255386914,6247,41.932424,12.5091178
2495530146,6248,41.931715,12.5132145
1565579620,6249,41.9324104,12.5189835
293820153,6250,41.9325699,12.5246882
247866308,6251,41.9333207,12.5295948
295221573,6252,41.9322381,12.5358807
2133591298,6253,41.9311071,12.5403881
297105541,6254,41.9317825,12.5485296
2410874780,6255,41.9329286,12.5526777
248512706,6256,41.93306,12.5588596
248508966,6257,41.9316172,12.5650151
6699100146,6258,41.9320326,12.5686255
297138579,6259,41.9311914,12.578427
9767223829,6260,41.932421,12.5827134
2068091217,6261,41.9327198,12.5877914
3039325721,6262,41.9327124,12.5934356
297115671,6263,41.9320088,12.5994062
297116365,6264,41.932962,12.6036261
1777545389,6265,41.9334879,12.6100494
310723958,6266,41.9324767,12.6157848
310723289,6267,41.931628,12.6205767
1701741218,6268,41.9329055,12.6283461
1088122226,6331,41.9357117,12.4170999
292462469,6332,41.9370446,12.4213281
728892023,6333,41.9366771,12.4282134
308135686,6334,41.9372543,12.4330563
299511830,6335,41.9362713,12.4385451
224808578,6336,41.9364841,12.4431362
1200980896,6337,41.9384337,12.4499881
365594516,6338,41.9364916,12.4557677
296954707,6339,41.9371074,12.4614782
306120655,6340,41.9367005,12.4666394
247833815,6341,41.9373323,12.4721624
259314829,6342,41.9384685,12.4785427
634193014,6343,41.9373215,12.4843412
1950425083,6344,41.9365385,12.4904948
1106903398,6345,41.9355909,12.4962447
471573440,6346,41.9376407,12.5006415
259059829,6347,41.9361598,12.5078351
293821778,6348,41.9366048,12.5125681
293820924,6349,41.9373613,12.5186894
293818440,6350,41.9363721,12.5269316
247178632,6351,41.9372544,12.5303816
1493160026,6352,41.9369042,12.5355509
295251825,6353,41.9378211,12.5412501
297152970,6354,41.9367577,12.5473288
247864303,6355,41.9365429,12.5534615
248512782,6356,41.9359052,12.5586465
248509104,6357,41.9377022,12.5650658
248509093,6358,41.9366108,12.5705067
297156127,6359,41.938235,12.5769035
297826513,6360,41.9364531,12.5818209
297828116,6361,41.9371842,12.5868725
356780872,6362,41.9370184,12.5936914
245809036,6363,41.9351349,12.5997059
2475466949,6364,41.9368711,12.6037998
310946146,6365,41.9373562,12.6101207
8571770627,6366,41.9366358,12.6159072
310946144,6367,41.9365904,12.6227582
1701741329,6368,41.9366874,12.6274783
1226701726,6430,41.9405949,12.4096548
11399750701,6432,41.9411677,12.421727
296361266,6433,41.9412839,12.4273237
308161272,6434,41.9413908,12.4339446
308161448,6435,41.9415292,12.4388102
11443744944,6436,41.9412928,12.4441416
1200980898,6437,41.9419915,12.4504706
11505403584,6438,41.9403603,12.4576908
300106166,6439,41.9416631,12.4614545
331617910,6440,41.9407923,12.4668624
303896303,6441,41.9408352,12.472581
300135474,6442,41.9406796,12.4775065
259314057,6443,41.94004,12.4837686
259249261,6444,41.9397411,12.4912375
2196671716,6445,41.9415211,12.4968425
2196671700,6446,41.9402942,12.5009291
2203949918,6447,41.9407022,12.5078106
1788422449,6448,41.9404558,12.5136957
1425750326,6449,41.9416979,12.5194766
247168744,6450,41.9416322,12.5246917
295248333,6451,41.9415986,12.5302226
1401571414,6452,41.9416089,12.5357151
1493170893,6453,41.9407678,12.5419247
1493170897,6454,41.9411568,12.5470557
247862389,6455,41.9411759,12.5525409
248514678,6456,41.9417369,12.5588833
297154163,6457,41.9409555,12.5652633
297155400,6458,41.9412309,12.5691892
1184204773,6459,41.9411587,12.575099
297826150,6460,41.9411951,12.5825105
297828737,6461,41.941073,12.5873484
356777768,6462,41.9402715,12.5926161
1763347935,6463,41.941311,12.5995499
290895902,6464,41.9424039,12.6044112
2475477509,6466,41.939105,12.6155535
310945742,6467,41.9409863,12.6232336
310945216,6468,41.9412806,12.6279322
2680296467,6531,41.945577,12.4169223
296357385,6532,41.9451954,12.4212229
299510856,6533,41.9455976,12.427136
660595958,6534,41.9465279,12.4313991
11405750706,6535,41.9460797,12.4382922
2068205104,6536,41.9465619,12.4441918
2026199671,6537,41.9454451,12.449419
11442058546,6538,41.9460476,12.4560024
300093461,6539,41.9458936,12.4619285
300099544,6540,41.9450163,12.4667941
300121871,6541,41.9459161,12.4732198
300123603,6542,41.9464555,12.4774118
775894044,6543,41.9453068,12.4864163
300134063,6545,41.9462206,12.497407
3348320712,6546,41.9469382,12.5036175
354721490,6547,41.9472249,12.5066865
247169990,6548,41.9447468,12.5133898
247179064,6549,41.946212,12.5193832
1494527049,6550,41.9457989,12.5242965
295244650,6551,41.9456488,12.530481
247172782,6552,41.945295,12.5357168
248522204,6553,41.9458062,12.542395
298035265,6554,41.9453079,12.5472673
1178278061,6555,41.9453156,12.5530626
1494527055,6556,41.9458994,12.5588156
297154502,6557,41.9457094,12.5648635
297156979,6558,41.9457401,12.5708986
297831087,6559,41.9455593,12.5749888
297829635,6560,41.9438445,12.5812326
914495639,6561,41.9457417,12.5877218
247285137,6562,41.9462598,12.5933388
11141119985,6563,41.9454661,12.6003125
369787918,6564,41.9454796,12.6044096
1615353102,6568,41.9451834,12.6278595
611915691,6631,41.9499315,12.415224
660596001,6632,41.9491313,12.4240214
369739469,6633,41.9500966,12.4274619
369744306,6634,41.9494118,12.4340419
11505413705,6635,41.9501969,12.4389582
300515491,6636,41.9501918,12.445014
300515807,6637,41.9508768,12.4507304
300093126,6638,41.947934,12.4563027
300138330,6639,41.9501245,12.4610425
300103881,6640,41.9501785,12.4670601
1179306566,6641,41.9498669,12.4724941
300124947,6642,41.9502299,12.4788156
775894049,6643,41.9496125,12.4844537
300134562,6644,41.9500621,12.4899862
1130864371,6647,41.9505825,12.5062253
298312637,6648,41.9499188,12.5127555
247842236,6649,41.9498881,12.5189857
247179464,6650,41.9506634,12.5253264
295242989,6651,41.9503032,12.530092
295242311,6652,41.9503947,12.5355682
2204681344,6653,41.94974,12.5412203
298034718,6654,41.9498576,12.5476057
298033753,6655,41.9490687,12.5538944
297140332,6656,41.9504868,12.5589102
254020938,6657,41.9497076,12.5632673
297157898,6658,41.949881,12.5703342
914495779,6660,41.9498739,12.581523
914495578,6661,41.9494066,12.5872074
369785474,6663,41.9503372,12.5997239
369789341,6664,41.949095,12.6033778
2196671726,6730,41.954425,12.4121181
303545660,6731,41.9555288,12.415446
300515365,6736,41.9525329,12.443008
300516329,6737,41.9538483,12.4515438
245154591,6738,41.953916,12.4562473
245154605,6739,41.9563555,12.4588639
1101677825,6740,41.9523757,12.4663424
303910146,6741,41.9527097,12.472764
903966832,6742,41.9546658,12.4793666
294170832,6743,41.9543289,12.4843778
618015370,6744,41.9557433,12.4881402
738670610,6747,41.9544121,12.5058929
259230834,6748,41.9548176,12.5132575
259228289,6749,41.9544121,12.5180134
1797747518,6750,41.9548889,12.5243422
1359856391,6751,41.9542437,12.531012
298308461,6752,41.9544838,12.535868
247235241,6753,41.9542834,12.5421668
298035938,6754,41.9548729,12.5486896
832424679,6755,41.9537553,12.5515649
1507166648,6756,41.9547605,12.5598172
1614707424,6757,41.9539998,12.5623013
247862100,6758,41.952849,12.5723233
3097109801,6759,41.9542742,12.5746874
914495712,6760,41.9542001,12.5831716
369785454,6763,41.955171,12.6013586
369941370,6764,41.9549337,12.6039043
369946689,6765,41.9554749,12.6107319
369943205,6766,41.9544945,12.6159382
4284996590,6768,41.9566832,12.6282779
303528457,6830,41.958307,12.410237
6380967593,6831,41.959816,12.4153068
369752838,6836,41.9590998,12.44638
11444161501,6837,41.9589684,12.4508061
11404457200,6838,41.9584744,12.4559243
300517556,6839,41.9595818,12.459926
1101677851,6840,41.9574286,12.4678346
298043677,6843,41.9591714,12.4865844
618015385,6844,41.9602071,12.4886367
354721578,6846,41.9595473,12.5035052
745980513,6847,41.9597291,12.5059636
1797747547,6848,41.9579921,12.5157841
259231566,6849,41.9587714,12.5182437
247840540,6850,41.9590649,12.5245381
1828648527,6851,41.9588002,12.5319791
298307660,6852,41.9590204,12.5359253
298036208,6853,41.95799,12.5429583
247233562,6854,41.958941,12.5463375
10879153276,6855,41.9581977,12.5530097
1613066567,6856,41.957102,12.5574129
245808426,6859,41.9594519,12.5780377
245808630,6860,41.9589809,12.5817454
5600643780,6861,41.9583871,12.5881859
369940838,6864,41.959004,12.6067675
369942182,6865,41.9590023,12.6090057
369946699,6866,41.9593713,12.6149497
1300460542,6867,41.9607325,12.6234453
4284996592,6868,41.9584584,12.6290908
