u_index,u,v_index,v,length
25,667984670,125,264896614,0.03483909
34,269277049,35,269277319,0.051042069
35,269277319,135,269277052,0.037402779
77,256180132,177,1420459750,0.021570586
82,246118321,83,734344358,0.049005185
83,734344358,84,8831253536,0.04363835
96,828145421,97,246124838,0.054930226
124,497353752,125,264896614,0.04622929
124,497353752,224,264896612,0.03921239
125,264896614,126,264896618,0.045539956
125,264896614,225,264896616,0.05248837
148,267108238,248,1275858010,0.043045215
176,256178952,177,1420459750,0.031187306
176,256178952,276,256180133,0.023050274
177,1420459750,178,246073361,0.036417801
177,1420459750,277,3623024131,0.044259494
181,246117805,281,1223204887,0.053959639
224,264896612,225,264896616,0.017723499
248,1275858010,348,1794711520,0.051883631
276,256180133,277,3623024131,0.037342241
276,256180133,376,246117411,0.054611553
283,8831253543,284,246111803,0.002802741
284,246111803,384,8831253538,0.002725234
308,305312927,408,305312853,0.05537169
310,385149638,311,305312941,0.030793051
347,101173265,348,1794711520,0.042385607
375,733338789,376,246117411,0.044393358
375,733338789,475,246247333,0.037296285
396,246123746,397,246124795,0.057059599
408,305312853,409,305312984,0.047149259
474,245963581,475,246247333,0.053783983
475,246247333,575,93810163,0.029188197
575,93810163,576,246245674,0.066423138
576,246245674,577,256170972,0.027805182
576,246245674,676,256170971,0.068904559
588,261719505,688,93810167,0.032671296
596,246123280,696,1455386212,0.04000963
620,32630066,720,1380954832,0.035121919
664,101172811,665,1224084340,0.058514201
667,1672413680,668,245963751,0.072199269
674,246247189,774,256170960,0.046803931
676,256170971,776,9396600980,0.047220037
678,261645962,778,261645965,0.048248052
680,261645958,780,261645952,0.047435919
691,2268912765,692,1824855154,0.05130962
696,1455386212,697,1455386186,0.027352732
749,101011000,849,101007862,0.057887447
776,9396600980,876,256170959,0.01910065
778,261645965,878,261645959,0.046218709
801,247289228,802,1427920464,0.021216233
804,1491995170,904,305309566,0.059730522
812,305310168,813,247288410,0.05591201
812,305310168,912,305313562,0.066442014
816,247287663,916,878676187,0.034954404
845,101173598,846,101172843,0.038741547
852,246137471,952,101015321,0.042111206
883,261646252,983,256170968,0.047906395
886,256170966,986,566517003,0.026169368
904,305309566,905,32650370,0.027191946
904,305309566,1004,385125939,0.037451904
909,385132421,1009,305314107,0.037854924
911,3003631853,912,305313562,0.033744477
912,305313562,1012,305313566,0.025981019
979,256170962,980,2112943266,0.009729249
983,256170968,1083,256170967,0.069943665
985,246247188,986,566517003,0.06765453
995,246164532,996,330362153,0.033575007
1001,247334645,1002,254094129,0.052727051
1002,254094129,1003,385123727,0.028822312
1003,385123727,1004,385125939,0.048121187
1003,385123727,1103,305309685,0.035886417
1004,385125939,1104,305310014,0.030477829
1008,305310133,1009,305314107,0.056093468
1012,305313566,1013,305313431,0.043048741
1012,305313566,1112,667984655,0.042490465
1050,101007861,1150,101049059,0.054513566
1053,101049079,1153,1275767931,0.024259479
1082,256170961,1083,256170967,0.031802537
1082,256170961,1182,256170969,0.054603613
1103,305309685,1104,305310014,0.00818639
1110,3003631855,1111,305313781,0.045199084
1111,305313781,1112,667984655,0.059011245
1111,305313781,1211,32650951,0.043634782
1144,101007857,1244,965876532,0.041427163
1147,101007852,1247,101049057,0.051698683
1150,101049059,1250,101005848,0.039292903
1186,256171270,1187,261648716,0.056705109
1198,2175887040,1199,2175887035,0.034887986
1199,2175887035,1299,2175887047,0.055707715
1205,32649914,1305,305309535,0.053220812
1207,32649915,1208,2152922284,0.04187176
1218,1380955534,1318,552580894,0.03657806
1242,101047788,1243,247702827,0.028290229
1243,247702827,1244,965876532,0.046381928
1244,965876532,1344,7780959336,0.016205958
1285,2312124650,1385,261648717,0.038106299
1301,247334548,1401,2135935956,0.066663227
1303,309891786,1304,305309537,0.0148931
1303,309891786,1403,254094156,0.0253255
1304,305309537,1305,305309535,0.069235983
1305,305309535,1306,385130309,0.043206134
1309,32650161,1310,2899818331,0.041771934
1354,101010992,1454,265550122,0.048592163
1356,2069702611,1357,2069702613,0.017640698
1357,2069702613,1457,1771529508,0.041766243
1363,246478687,1463,252901199,0.042569605
1398,2175887054,1498,3337846844,0.028934368
1401,2135935956,1501,247334510,0.04795671
1445,246140935,1545,1365283547,0.040161381
1451,246138850,1452,265550120,0.054103021
1454,265550122,1554,257668661,0.034821329
1475,259869643,1476,256638788,0.039104522
1478,3139025588,1479,256638789,0.033006976
1479,256638789,1480,256638792,0.031141402
1498,3337846844,1598,1402819224,0.055711278
1504,254094151,1505,32649913,0.038540549
1545,1365283547,1546,7780959372,0.029397346
1545,1365283547,1645,255466368,0.032503003
1546,7780959372,1646,255329941,0.026214525
1554,257668661,1654,246478681,0.032584127
1617,32650381,1717,1603316088,0.010064615
1645,255466368,1646,255329941,0.03685376
1656,256170150,1657,257668665,0.043458112
1687,1140116642,1688,246162247,0.051929222
1690,265747976,1790,265747975,0.014939769
1762,255256713,1862,255259856,0.045263982
1785,1244913461,1786,246162242,0.049520383
1786,246162242,1886,1245400317,0.025636854
1789,220736368,1790,265747975,0.065205011
1790,265747975,1890,8372016197,0.071737627
1840,2959672888,1841,246139719,0.024906417
1841,246139719,1842,246139718,0.060676218
1842,246139718,1843,2112943269,0.023407909
1843,2112943269,1943,2112943277,0.046059765
1886,1245400317,1986,122571130,0.053989867
1890,8372016197,1990,26618764,0.034911634
1899,295735024,1999,346451540,0.060355052
1903,1107548554,1904,2248514361,0.051930012
1906,32650154,2006,83650212,0.048449888
1908,83649359,2008,83650350,0.034875512
1910,83648548,2010,83649294,0.065689804
1943,2112943277,2043,246144912,0.04852163
2005,83650446,2006,83650212,0.058605549
2008,83650350,2108,1107543217,0.049298963
2040,255250999,2041,2001545075,0.008741161
2087,1245400284,2088,26618757,0.035878294
2088,26618757,2089,26618754,0.05182865
2108,1107543217,2109,1393905990,0.007033748
2108,1107543217,2208,1107543256,0.040892335
2173,252712468,2174,252712935,0.048355811
2205,83650214,2305,4058522422,0.065199801
2280,255121653,2380,255121655,0.053718917
2305,4058522422,2306,317348279,0.046914446
2332,25418933,2333,356934373,0.053943914
2333,356934373,2334,356934585,0.033039102
2336,266318885,2436,2119692851,0.035327974
2346,255250283,2446,255250101,0.031601983
2376,261731992,2377,122571136,0.060981938
2407,83649810,2408,299811107,0.058624914
2407,83649810,2507,299808700,0.052684809
2419,83506907,2519,32630956,0.044945027
2435,256576580,2436,2119692851,0.023234807
2435,256576580,2535,256575742,0.047907198
2441,255250287,2442,255250786,0.047316405
2441,255250287,2541,255250098,0.026543031
2451,255250019,2452,246144918,0.029059189
2506,32649920,2507,299808700,0.067148313
2518,32630957,2519,32630956,0.014927567
2519,32630956,2520,32630955,0.039488574
2537,2959672897,2538,246142109,0.047739051
2541,255250098,2641,246141797,0.047326204
2592,270545256,2692,246160563,0.022364862
2692,246160563,2792,255276194,0.063689901
2734,256576319,2735,256576320,0.046401023
2737,2196247885,2738,256575744,0.04665405
2737,2196247885,2837,2283190928,0.035024799
2738,256575744,2739,327115023,0.057338975
2738,256575744,2838,256576313,0.042115543
2739,327115023,2839,327115013,0.042169662
2743,25418929,2744,246147728,0.039629045
2744,246147728,2745,3134209748,0.026596971
2744,246147728,2844,1107496231,0.024993055
2756,2001545081,2856,246146288,0.029700572
2762,246147950,2763,4586979657,0.033563069
2762,246147950,2862,1072642459,0.033792947
2777,252712466,2877,9411254631,0.037547004
2786,255278207,2886,253711275,0.042553404
2792,255276194,2793,255276195,0.04415239
2816,2315316891,2817,10610748331,0.036557813
2820,32630952,2920,1387899770,0.049554226
2837,2283190928,2838,256576313,0.040505252
2838,256576313,2839,327115013,0.05454471
2851,772772863,2852,3134209749,0.019494267
2852,3134209749,2853,3548468718,0.058028494
2855,261761724,2856,246146288,0.043653546
2856,246146288,2857,1107496227,0.013943922
2857,1107496227,2858,246147610,0.032773106
2857,1107496227,2957,1107496218,0.035560954
2886,253711275,2986,255275060,0.024753241
2919,32630961,2920,1387899770,0.026970026
2920,1387899770,2921,32630950,0.045609346
2921,32630950,3021,356931990,0.038804686
2923,32630949,3023,5728348344,0.026187427
2942,1416998349,2943,1107496233,0.037564196
2943,1107496233,3043,1107496216,0.041520617
2994,253708867,3094,255278213,0.027086859
3005,247392543,3105,757040837,0.016253079
3010,427611328,3110,2298342767,0.01085294
3012,1233461517,3013,427615258,0.04275064
3021,356931990,3121,32630948,0.048722512
3025,1434873299,3125,257359634,0.008279305
3043,1107496216,3044,1107496252,0.028539583
3044,1107496252,3045,252609162,0.065721543
3055,261761721,3056,261762870,0.040120057
3061,261764695,3161,252714282,0.046206472
3085,255277950,3185,253711694,0.038646664
3087,253711277,3187,255277951,0.038781112
3105,757040837,3205,247392542,0.052595675
3107,25388389,3108,616806758,0.044683744
3110,2298342767,3210,1394267353,0.047630567
3125,257359634,3126,257359637,0.039387021
3125,257359634,3225,257359633,0.055052102
3129,256575380,3130,1107500023,0.037568786
3129,256575380,3229,256575372,0.021800929
3130,1107500023,3230,256575371,0.050888744
3134,1107500054,3135,256577526,0.037530995
3137,502528140,3138,502528127,0.04551276
3138,502528127,3238,254528639,0.029590078
3141,1107496215,3142,1107496235,0.060497691
3184,255120632,3185,253711694,0.041934324
3196,2192443980,3197,2192443976,0.046143151
3196,2192443980,3296,253708866,0.025446448
3202,25388197,3203,25388404,0.060814697
3203,25388404,3204,25388387,0.03788531
3204,25388387,3205,247392542,0.017522563
3204,25388387,3304,758357594,0.039157438
3210,1394267353,3310,309295976,0.05303861
3229,256575372,3230,256575371,0.016113864
3229,256575372,3329,595659430,0.06943907
3246,252607425,3346,252607430,0.032898125
3255,261762869,3256,2537299971,0.043234462
3255,261762869,3355,246147609,0.05259044
3256,2537299971,3356,258277664,0.030779421
3258,252714283,3259,261764697,0.030258623
3279,270522053,3280,253711685,0.050949032
3280,253711685,3380,257483794,0.036987258
3299,267586178,3300,758154256,3.946437364
3300,758154256,3301,758154234,0.025834092
3300,758154256,3400,25388195,0.028693325
3304,758357594,3404,1165400891,0.040349232
3326,448239624,3426,256575406,0.055653615
3344,252608214,3345,1288873197,0.040280088
3345,1288873197,3346,252607430,0.049962128
3345,1288873197,3445,1107496222,0.028351793
3346,252607430,3446,122571273,0.058227421
3349,252608905,3449,25418922,0.059196735
3354,258277649,3355,246147609,0.052919285
3355,246147609,3356,258277664,0.02326271
3356,258277664,3357,2537299996,0.040644455
3356,258277664,3456,246149114,0.04158896
3380,257483794,3381,253711691,0.048765542
3384,253711659,3385,253711657,0.067737798
3384,253711659,3484,2127267657,0.077266965
3385,253711657,3485,257362156,0.01133795
3430,595659429,3530,564995645,0.053542745
3445,1107496222,3446,122571273,0.044454857
3446,122571273,3447,2141800768,0.033891045
3447,2141800768,3448,2141800773,0.039499057
3447,2141800768,3547,1288873196,0.026001886
3448,2141800773,3449,25418922,0.021471527
3459,270323571,3460,122571141,0.010811879
3478,26619713,3479,257483819,0.024945384
3479,257483819,3579,257483791,0.023044642
3482,248532565,3483,257471848,0.009806951
3482,248532565,3582,254331093,0.025579651
3483,257471848,3484,2127267657,0.07202251
3484,2127267657,3485,257362156,0.026791634
3484,2127267657,3584,253711276,0.042311112
3485,257362156,3486,253712455,0.064921581
3486,253712455,3586,2127267663,0.037868715
3515,279143970,3516,279369327,0.043872936
3536,356931465,3537,1107500029,0.052587971
3603,301348589,3604,309294440,0.029053853
3604,309294440,3605,309294531,0.060168732
3607,1421279828,3707,309293389,0.042736555
3657,6268126323,3757,1233060740,0.005292241
3681,257362163,3781,1342200955,0.028349051
3699,246158446,3799,246158706,0.050387585
3706,1421279832,3707,309293389,0.030588698
3721,364855510,3821,2121251551,0.013249923
3736,1578078710,3836,25418891,0.041200353
3756,4150909524,3757,1233060740,0.01320716
3762,252716627,3763,252714272,0.058009114
3775,8284993959,3776,2322149506,0.017838673
3776,2322149506,3876,257752686,0.036677184
3780,257483812,3781,1342200955,0.03014769
3780,257483812,3880,257483813,0.054191598
3781,1342200955,3881,257483808,0.053707724
3798,304556355,3799,246158706,0.020774462
3821,2121251551,3822,281043577,0.044842559
3822,281043577,3823,281042896,0.052217322
3822,281043577,3922,364855514,0.037421245
3823,281042896,3923,281042895,0.027548484
3836,25418891,3837,25418889,0.035577689
3849,669160648,3949,2126941296,0.039923782
3876,257752686,3877,929586813,0.040092126
3880,257483813,3881,257483808,0.025875864
3922,364855514,3923,281042895,0.051491551
3948,252608212,3949,2126941296,0.020055
3949,2126941296,4049,255457312,0.049509794
4051,32633413,4151,122571142,0.03869429
4076,257485319,4176,257485315,0.063413168
4083,257485922,4183,276549444,0.055386293
4121,32650585,4221,281043897,0.066815758
4203,309297808,4303,1397852758,0.041593127
4205,1443767519,4305,279743838,0.048220942
4220,309301771,4221,281043897,0.054498725
4221,281043897,4321,1510786605,0.029580165
4247,255457313,4248,255455536,0.02271195
4300,25388289,4400,850866980,0.056059729
4302,677443038,4303,1397852758,0.036253843
4305,279743838,4306,756777430,0.027046771
4317,309302518,4417,309302513,0.02553308
4374,25643607,4375,257485305,0.030488396
4374,25643607,4474,270197928,0.042968526
4378,257485313,4478,257485308,0.058399903
4385,276549465,4386,248782763,0.051594726
4386,248782763,4387,276549464,0.081638693
4387,276549464,4388,276549463,0.045348705
4387,276549464,4487,276549467,0.013084583
4456,270325411,4457,25418915,0.010823307
4474,270197928,4574,25643610,0.01431389
4482,9657623428,4483,9657623427,0.049973152
4482,9657623428,4582,248674607,0.03808764
4483,9657623427,4583,257485302,0.027572318
4508,32631122,4509,309299606,0.040620588
4508,32631122,4608,279746146,0.045110027
4516,304572700,4616,1444831059,0.035238791
4552,122570350,4652,250889367,0.028843718
4555,3567191129,4655,1351150950,0.046747669
4581,257485321,4582,248674607,0.060152626
4582,248674607,4583,257485302,0.026830118
4604,677442257,4605,279746427,0.05175793
4616,1444831059,4716,309303592,0.030780429
4719,2138699730,4720,2138699732,0.050816336
4720,2138699732,4721,304727605,0.008859347
4753,270325624,4754,32633399,0.049054686
4753,270325624,4853,242161441,0.051843107
4781,270197929,4881,248665025,0.014589648
4797,259029410,4897,248531688,0.050373305
4828,281045225,4829,261870618,0.019801143
4829,261870618,4929,309307047,0.059678648
4835,2122726526,4935,261870185,0.047761524
4850,617242274,4950,32633401,0.042738391
4881,248665025,4981,257485303,0.065609344
4896,259028890,4897,248531688,0.062186982
4896,259028890,4996,248531764,0.061966192
4906,1172899329,5006,279746150,0.030737047
4911,279746708,5011,309300889,0.051791945
4929,309307047,5029,2122813107,0.029019236
4935,261870185,4936,1193906503,0.035731522
4949,246150528,4950,32633401,0.037919794
4949,246150528,5049,246151146,0.054309137
4950,32633401,4951,617242273,0.031708094
4950,32633401,5050,246150584,0.017745168
4971,2582362060,4972,2582362059,0.019257012
4971,2582362060,5071,1243130446,0.044856678
4972,2582362059,5072,1243130404,0.033336742
5004,1438933040,5005,758154458,0.045601855
5005,758154458,5006,279746150,0.026288727
5011,309300889,5111,309300912,0.034882213
5029,2122813107,5030,309307061,0.052720818
5030,309307061,5130,309307062,0.026326042
5049,246151146,5050,246150584,0.025295652
5071,1243130446,5072,1243130404,0.034580675
5109,279746939,5110,309300887,0.040924003
5109,279746939,5209,252704525,0.072917331
5110,309300887,5111,309300912,0.048448293
5110,309300887,5210,309300886,0.0386813
5111,309300912,5211,247331308,0.047927301
5120,309304410,5121,261863449,0.044984839
5132,32651016,5133,309307045,0.028507214
5133,309307045,5233,253872927,0.058402608
5158,1233105223,5159,270323582,0.035715486
5159,270323582,5160,1233105204,0.031717553
5176,3183517380,5276,3183517381,0.013035153
5208,261852296,5209,252704525,0.051882023
5209,252704525,5210,309300886,0.021186196
5210,309300886,5211,247331308,0.066458454
5233,253872927,5234,1347450023,0.04807136
5233,253872927,5333,253872929,0.036256219
5234,1347450023,5334,247701033,0.038111935
5276,3183517381,5277,258995174,0.061211092
5276,3183517381,5376,258995176,0.039560912
5277,258995174,5377,258995175,0.029987046
5299,309297864,5300,309684684,3.927538954
5305,758154433,5405,758154221,0.031089008
5319,309304409,5320,293801359,0.039398443
5333,253872929,5334,247701033,0.024518586
5344,2116041796,5345,2122737652,0.025038305
5344,2116041796,5444,2116041872,0.048926275
5345,2122737652,5445,32641631,0.048039588
5376,258995176,5377,258995175,0.036372434
5405,758154221,5406,1266993828,0.028382598
5405,758154221,5505,25418716,0.069152513
5406,1266993828,5506,252704519,0.021376014
5409,252704522,5410,252704523,0.023112978
5409,252704522,5509,252704521,0.031778946
5410,252704523,5510,252704524,0.031774556
5412,252704520,5413,252704528,0.067485063
5412,252704520,5512,247331309,0.033281558
5413,252704528,5513,25388130,0.013112429
5422,293801360,5522,1366065306,0.066351141
5439,590066977,5539,1116790373,0.054358833
5444,2116041872,5445,32641631,0.033410331
5444,2116041872,5544,261875340,0.022065288
5455,1107362983,5456,383407974,0.056104337
5455,1107362983,5555,242161428,0.041768361
5505,25418716,5506,252704519,0.039564979
5506,252704519,5507,1266998229,0.048583569
5506,252704519,5606,2112494105,0.066421321
5509,252704521,5510,252704524,0.021483426
5512,247331309,5513,25388130,0.055785703
5522,1366065306,5523,1421279868,0.032425772
5528,257915756,5628,261950845,0.048733218
5542,247700995,5543,261875473,0.043859421
5543,261875473,5544,261875340,0.026622946
5543,261875473,5643,2296523797,0.031323679
5544,261875340,5644,261875418,0.033458367
5601,294022306,5602,1125488271,0.061880311
5601,294022306,5701,309881777,0.041907763
5602,1125488271,5702,1125488388,0.055838259
5628,261950845,5629,253873617,0.059520208
5643,2296523797,5644,261875418,0.031513563
5649,1150894087,5749,1150894127,0.047768796
5657,383407972,5658,383407976,0.035177481
5657,383407972,5757,2196247887,0.050834727
5701,309881777,5702,1125488388,0.059022968
5701,309881777,5801,294022371,0.039655923
5702,1125488388,5802,309683017,0.025190068
5723,2008994869,5823,2026317934,0.051893511
5748,1150894125,5749,1150894127,0.025097672
5789,8976321388,5790,259666564,0.024566875
5790,259666564,5890,259666582,0.017402783
5801,294022371,5802,309683017,0.054034775
5801,294022371,5901,2117989842,0.044465915
5802,309683017,5902,2117989841,0.045267492
5833,32641643,5834,2141788625,0.018244094
5833,32641643,5933,301153432,0.0496073
5842,317344879,5843,247701900,0.054758666
5901,2117989842,5902,2117989841,0.049590871
5937,32641644,6037,247701195,0.029187529
5968,25643643,6068,315111279,0.046376421
5991,291633262,5992,259666567,0.016702389
6007,247330889,6107,293809007,0.039362103
6034,301153287,6134,301153289,0.072191567
6037,247701195,6137,301153339,0.040233266
6065,296377272,6066,2073646453,0.070854109
6101,294022372,6102,309681920,0.030445358
6102,309681920,6202,83661864,0.049773828
6107,293809007,6207,293809447,0.046184667
6116,293806361,6117,261954949,0.029537252
6190,291634555,6191,291635037,0.049885592
6193,291634554,6194,1372594196,0.027473925
6193,291634554,6293,291631932,0.04596883
6210,293809927,6211,2139719744,0.062585218
6211,2139719744,6311,2139719827,0.039764348
6255,1090520078,6355,415346509,0.02272354
6292,291634662,6293,291631932,0.022244329
6305,261962079,6405,1759785794,0.054067999
6355,415346509,6356,1227925181,0.05065101
6355,415346509,6455,122568740,0.04782257
6367,2073646456,6467,25643645,0.047918397
6390,1374588385,6490,291632875,0.007982833
6397,2093396312,6398,2179073954,0.045492504
6397,2093396312,6497,294042378,0.037305693
6398,2179073954,6399,2179073953,0.018003163
6398,2179073954,6498,294042382,0.01720234
6452,292467002,6552,292466504,0.024623539
6454,255680738,6455,122568740,0.052693233
6464,276549264,6465,257908485,0.02585875
6465,257908485,6466,315109963,0.047257114
6466,315109963,6467,25643645,0.023879825
6466,315109963,6566,257906450,0.042400341
6467,25643645,6567,257906451,0.031961644
6497,294042378,6498,294042382,0.060577437
6497,294042378,6597,259666866,0.016088559
6566,257906450,6567,257906451,0.032202309
6654,292466461,6754,292466460,0.070675724
6674,296362040,6774,257908491,0.033177605
6681,270200520,6682,291633635,0.056581994
6681,270200520,6781,248530975,0.029120607
6682,291633635,6782,291633631,0.042891373
6698,259666865,6798,291629378,0.031206204
6729,259320674,6730,247701865,0.008029554
6733,32641648,6833,247701572,0.02552275
6748,255680566,6749,292467154,0.048364978
6761,315113273,6861,1227744620,0.047297592
6773,302132064,6774,257908491,0.026590406
6774,257908491,6775,270200521,0.04119485
6774,257908491,6874,10059731758,0.032756581
6781,248530975,6782,291633631,0.034369665
6796,291629191,6896,2437621181,0.034033879
6803,261960930,6804,309308376,0.051729731
6832,315141718,6833,247701572,0.041315185
6832,315141718,6932,315143621,0.026985702
6833,247701572,6834,1333306720,0.037996527
6833,247701572,6933,247701759,0.055029742
6834,1333306720,6835,309309912,0.053176803
6834,1333306720,6934,259321398,0.066062686
6835,309309912,6836,247701194,0.053982391
6835,309309912,6935,247701590,0.030806533
6836,247701194,6936,32641653,0.021601304
6859,257906427,6860,296391630,0.019684185
6859,257906427,6959,257904934,0.040058059
6860,296391630,6861,1227744620,0.037642343
6860,296391630,6960,308549193,0.020433626
6861,1227744620,6961,413740030,0.039380323
6894,291628722,6994,2437621188,0.039264044
6901,153325472,6902,309308362,0.053341577
6902,309308362,7002,1086128541,0.047993231
6932,315143621,6933,247701759,0.042990318
6933,247701759,6934,259321398,0.06526303
6934,259321398,6935,247701590,0.028309367
6935,247701590,6936,32641653,0.0529271
6936,32641653,6937,309309089,0.041611526
6937,309309089,6938,247701374,0.047802245
6938,247701374,7038,309310039,0.03398309
6959,257904934,6960,308549193,0.053180999
6960,308549193,6961,413740030,0.035397715
6961,413740030,6962,413740991,0.026778511
6993,1964144951,6994,2437621188,0.06932112
6993,1964144951,7093,2437621193,0.066648757
6994,2437621188,7094,291631392,0.059826602
6997,291630673,6998,291629593,0.07722368
6997,291630673,7097,419622070,0.011086065
7002,1086128541,7003,278938842,0.05720176
7002,1086128541,7102,1716354044,0.047503461
7003,278938842,7004,1125488310,0.030385409
7038,309310039,7039,309310043,0.037014579
7038,309310039,7138,919655149,0.030272222
7039,309310043,7139,247701702,0.018789339
7052,1094019232,7053,1094019254,0.017978422
7053,1094019254,7153,1090520086,0.042544863
7063,9656316036,7163,8283701885,0.022595379
7092,291635331,7093,2437621193,0.06289267
7092,291635331,7192,291635332,0.048547829
7093,2437621193,7094,291631392,0.048690839
7094,291631392,7095,292456435,0.011526531
7095,292456435,7096,2188993408,0.050671792
7096,2188993408,7097,419622070,0.03927855
7096,2188993408,7196,2188993409,0.037914979
7105,309308372,7106,315147745,0.03584097
7105,309308372,7205,1716354061,0.074816645
7138,919655149,7139,247701702,0.035757367
7139,247701702,7140,309309088,0.041141707
7139,247701702,7239,315140299,0.073136616
7140,309309088,7141,309310038,0.027062309
7141,309310038,7142,247701538,0.064668903
7142,247701538,7242,1962391872,0.04086169
7149,255680546,7249,309309751,0.045878483
7153,1090520086,7253,259198914,0.056221229
7155,327776487,7156,315116272,0.061786432
7155,327776487,7255,327777202,0.033361944
7184,280135553,7185,270199975,0.025885116
7191,1964147508,7192,291635332,0.056632921
7191,1964147508,7291,280135560,0.043292796
7200,378119339,7201,279123911,0.049609602
7203,1716354048,7303,1086128537,0.050308129
7242,1962391872,7243,315136394,0.036998092
7243,315136394,7244,309309552,0.056700395
7244,309309552,7344,2116871645,0.007022479
7246,309309094,7247,309309803,0.065456832
7246,309309094,7346,309309752,0.019421728
7247,309309803,7248,315132702,0.043547421
7248,315132702,7249,309309751,0.015708611
7253,259198914,7254,317344396,0.048641586
7254,317344396,7255,327777202,0.029751067
7254,317344396,7354,317344374,0.009344508
7257,301336286,7357,301336287,0.039019941
7260,259199106,7360,292463612,0.032335667
7264,301336339,7265,413740040,0.018746756
7265,413740040,7365,294043349,0.044462519
7275,248530695,7276,10683108116,0.026727619
7275,248530695,7375,248530692,0.044563553
7276,10683108116,7376,248530689,0.05319134
7290,259665117,7291,280135560,0.025872212
7291,280135560,7391,259665025,0.062390082
7302,293813046,7303,1086128537,0.01424521
7303,1086128537,7304,309308373,0.075507539
7354,317344374,7454,259199417,0.049239835
7359,259198993,7360,292463612,0.030441608
7360,292463612,7361,301336338,0.05040457
7360,292463612,7460,259199103,0.053640692
7365,294043349,7366,413742858,0.010243926
7375,248530692,7376,248530689,0.05279465
7405,279123232,7406,277675792,0.014103427
7405,279123232,7505,295811357,0.035250415
7453,292470433,7454,259199417,0.06244455
7454,259199417,7455,907703579,0.044266587
7503,293813069,7603,293813070,0.038153716
7505,295811357,7605,293812956,0.064124746
7541,1363451445,7641,1363451448,0.050432204
7557,317341887,7558,317341903,0.05369315
7557,317341887,7657,301336288,0.048915776
7587,1333360890,7588,261721686,0.023185616
7588,261721686,7589,292458557,0.066083342
7589,292458557,7590,292458072,0.034184588
7641,1363451448,7642,1363451449,0.013263573
7650,257492852,7750,292469565,0.046631559
7652,301342402,7653,301344458,0.019646604
7652,301342402,7752,259332553,0.046446218
7653,301344458,7654,301344457,0.069703857
7672,292461247,7673,292460813,0.032867082
7771,246634716,7871,413743657,0.017449616
7794,292456421,7795,4239682792,0.010702088
7794,292456421,7894,3509784724,0.029722349
7795,4239682792,7895,3376430028,0.017846748
7857,9568295870,7957,9568295923,0.017528098
7860,259199421,7861,292462676,0.047516418
7870,294042828,7871,413743657,0.017404063
7894,3509784724,7895,3376430028,0.022962444
7895,3376430028,7896,292457348,0.041720371
7943,257493440,8043,1363447876,0.044606489
7956,9568295872,7957,9568295923,0.024090471
7998,259664879,7999,259664882,0.053811814
7999,259664882,8099,248530152,0.032819816
8043,1363447876,8044,1363447879,0.010118035
8063,1353681163,8064,301344799,0.02324293
8068,259199183,8069,289878493,0.011436025
8068,259199183,8168,309674407,0.032994261
8175,294043423,8275,294042830,0.023806468
8198,292457317,8298,1333360768,0.02050147
8260,907703594,8261,317342309,0.019794861
8261,317342309,8262,301344742,0.068325589
8266,259199425,8366,261725484,0.011665561
8291,294042611,8391,292457942,0.03772133
8296,292457417,8297,292457937,0.04925313
8297,292457937,8298,1333360768,0.055204373
8298,1333360768,8299,292457318,0.03471317
8301,277975679,8302,277675789,0.077540271
8348,257492719,8448,261733181,0.044951786
8351,255399469,8451,255398888,0.023319819
8385,2268323910,8386,261721800,0.017194583
8468,3661063233,8568,3661061624,0.020009333
8544,1764712989,8545,257491322,0.029670336
8545,257491322,8645,617834602,0.056288215
8554,966190932,8555,534440009,0.062049105
8586,294042578,8587,294042604,0.045363404
8622,1300215136,8623,1300215133,0.03023881
8622,1300215136,8722,1300215130,0.03105612
8645,617834602,8646,261731867,0.03942986
8646,261731867,8746,261726937,0.052809999
8689,261721881,8690,1333360906,0.045827607
8703,296297664,8803,296297981,0.034878865
8720,1809491650,8721,259282269,0.032172568
8721,259282269,8722,1300215130,0.043363494
8746,261726937,8747,261731858,0.031392682
8747,261731858,8748,2001545113,0.044829335
8748,2001545113,8848,2001545115,0.026575144
8793,261721675,8893,261721541,0.022986799
8802,1883246093,8803,296297981,0.013698312
8803,296297981,8903,293813808,0.024034817
8818,1300215131,8819,745474324,0.01746974
8818,1300215131,8918,259286257,0.039395194
8844,617834598,8845,617834591,0.024028349
8844,617834598,8944,1451005804,0.059382834
8869,255385755,8969,255385700,0.043277116
8882,1333360955,8883,294042584,0.011510012
8882,1333360955,8982,1333360655,0.015324506
8915,1425153011,9015,1425153021,0.056201234
8917,1425153017,8918,259286257,0.045656183
8918,259286257,9018,1300004438,0.056431985
8944,1451005804,9044,261732914,0.030250235
8960,255399519,8961,255399520,0.01069785
8968,261724920,8969,255385700,0.058783267
8969,255385700,9069,255385701,0.032445307
8971,2174082840,9071,380422640,0.056112469
8973,380422635,9073,259364287,0.073193916
9001,293813969,9002,1883246103,0.061798006
9043,257492488,9044,261732914,0.031404649
9057,534440022,9157,259330220,0.08089701
9069,255385701,9070,2174082841,0.049675791
9070,2174082841,9071,380422640,0.034713935
9073,259364287,9173,259360129,0.02280992
9091,2226635330,9092,2226635339,0.043556078
9156,534440044,9157,259330220,0.036447177
9157,259330220,9158,259330866,0.04633656
9157,259330220,9257,259330583,0.03219321
9158,259330866,9159,261726495,0.040874577
9158,259330866,9258,259329811,0.013803085
9172,259359757,9173,259360129,0.033072455
9173,259360129,9174,1263562790,0.036505119
9182,6367386011,9282,1333380134,0.069011375
9223,745446809,9224,259282278,0.065544872
9257,259330583,9258,259329811,0.034603717
9257,259330583,9357,259329788,0.033132405
9258,259329811,9358,259329626,0.043039221
9264,261726198,9265,261726196,0.045193081
9265,261726196,9266,261725987,0.024436805
9357,259329788,9358,259329626,0.044255638
9373,259364964,9473,1263562782,0.037585507
9387,259357400,9388,2226635355,0.030302838
9400,259280515,9401,259275969,0.052769372
9401,259275969,9501,297721619,0.040599111
9447,1751775424,9448,1751775421,0.019597421
9473,1263562782,9573,1263552240,0.074109606
9485,3030795137,9585,1333380141,0.041991555
9501,297721619,9502,1089848832,0.062152649
9502,1089848832,9503,1117936300,0.049755705
9502,1089848832,9602,294016351,0.029413664
9520,259299770,9620,259300311,0.017542226
9528,291638484,9529,745446843,0.059096865
9536,8311098861,9537,280135454,0.009908897
9573,1263552240,9574,259365482,0.057258187
9584,1333380149,9585,1333380141,0.042424488
9584,1333380149,9684,259357710,0.00908201
9585,1333380141,9586,259357708,0.040936887
9613,259285913,9713,294016393,0.035290805
9683,259357711,9684,259357710,0.050960335
9710,294016366,9810,294016094,0.043490647
9741,1107576969,9841,261732454,0.020820532
9745,1335017550,9845,1335017565,0.026213049
9755,261726588,9855,259607456,0.009268131
9780,259357394,9781,259357714,0.047265437
9792,2226635373,9892,1333360813,0.026525954
9797,292449375,9798,2676011258,0.019373925
9798,2676011258,9799,2676011262,0.04402146
9798,2676011258,9898,292449483,0.035536525
9799,2676011262,9800,259278376,3.9597478
9800,259278376,9801,1089853542,0.068813192
9815,259282989,9816,259283339,0.01599178
9815,259282989,9915,259283347,0.016316639
9876,301209756,9976,294002165,0.036113481
